date,location,temperature,precipitation,wind_speed,weather_condition
2025-08-19,Mumbai_Warehouse,8.3,2.9,15.4,Snow
2025-08-20,Mumbai_Warehouse,28.0,0.6,24.5,Cloudy
2025-08-21,Mumbai_Warehouse,20.6,6.0,6.3,Rain
2025-08-22,Mumbai_Warehouse,20.2,5.0,14.6,Rain
2025-08-23,Mumbai_Warehouse,15.7,5.5,11.3,Rain
2025-08-24,Mumbai_Warehouse,28.4,1.0,8.8,Clear
2025-08-25,Mumbai_Warehouse,23.3,8.0,20.6,Thunderstorm
2025-08-26,Mumbai_Warehouse,31.0,0.3,12.4,Clear
2025-08-27,Mumbai_Warehouse,15.6,0.4,2.3,Cloudy
2025-08-28,Mumbai_Warehouse,6.4,0.4,10.3,Fog
2025-08-29,Mumbai_Warehouse,33.7,0.7,11.4,Cloudy
2025-08-30,Mumbai_Warehouse,17.3,3.7,19.7,Rain
2025-08-31,Mumbai_Warehouse,20.4,9.1,18.5,Rain
2025-09-01,Mumbai_Warehouse,13.5,0.4,21.0,Fog
2025-09-02,Mumbai_Warehouse,15.3,8.5,14.8,Rain
2025-09-03,Mumbai_Warehouse,25.1,0.2,15.1,Thunderstorm
2025-09-04,Mumbai_Warehouse,20.8,0.9,8.0,Cloudy
2025-09-05,Mumbai_Warehouse,17.5,0.6,18.1,Clear
2025-09-06,Mumbai_Warehouse,32.3,0.9,21.1,Cloudy
2025-09-07,Mumbai_Warehouse,7.1,7.5,16.3,Snow
2025-09-08,Mumbai_Warehouse,21.9,0.3,9.4,Cloudy
2025-09-09,Mumbai_Warehouse,19.6,0.1,8.3,Fog
2025-09-10,Mumbai_Warehouse,34.5,0.3,2.3,Cloudy
2025-09-11,Mumbai_Warehouse,31.0,0.4,24.7,Clear
2025-09-12,Mumbai_Warehouse,15.4,0.5,22.4,Cloudy
2025-09-13,Mumbai_Warehouse,20.7,6.1,14.8,Thunderstorm
2025-09-14,Mumbai_Warehouse,30.0,0.9,19.9,Cloudy
2025-09-15,Mumbai_Warehouse,15.6,0.9,16.7,Clear
2025-09-16,Mumbai_Warehouse,22.5,6.9,24.6,Thunderstorm
2025-09-17,Mumbai_Warehouse,-2.1,8.2,24.0,Snow
2025-09-18,Mumbai_Warehouse,25.2,0.8,18.9,Thunderstorm
2025-09-19,Mumbai_Warehouse,18.2,0.5,24.6,Cloudy
2025-09-20,Mumbai_Warehouse,21.0,5.8,2.3,Rain
2025-09-21,Mumbai_Warehouse,16.7,0.9,3.8,Clear
2025-09-22,Mumbai_Warehouse,28.9,0.5,13.5,Cloudy
2025-09-23,Mumbai_Warehouse,28.0,3.0,22.3,Thunderstorm
2025-09-24,Mumbai_Warehouse,25.3,0.2,1.3,Cloudy
2025-09-25,Mumbai_Warehouse,22.0,7.0,9.1,Thunderstorm
2025-09-26,Mumbai_Warehouse,-4.5,3.1,13.5,Snow
2025-09-27,Mumbai_Warehouse,30.5,0.6,20.8,Cloudy
2025-09-28,Mumbai_Warehouse,20.1,3.3,0.8,Rain
2025-09-29,Mumbai_Warehouse,17.7,0.7,0.8,Fog
2025-09-30,Mumbai_Warehouse,22.5,0.1,2.1,Cloudy
2025-10-01,Mumbai_Warehouse,12.1,1.3,4.5,Rain
2025-10-02,Mumbai_Warehouse,17.3,0.4,9.0,Rain
2025-10-03,Mumbai_Warehouse,24.5,8.1,15.2,Thunderstorm
2025-10-04,Mumbai_Warehouse,29.2,7.6,18.7,Thunderstorm
2025-10-05,Mumbai_Warehouse,14.1,3.1,3.1,Rain
2025-10-06,Mumbai_Warehouse,20.2,0.9,22.8,Cloudy
2025-10-07,Mumbai_Warehouse,26.6,9.2,20.9,Thunderstorm
2025-10-08,Mumbai_Warehouse,28.3,0.1,19.4,Cloudy
2025-10-09,Mumbai_Warehouse,21.4,7.5,18.8,Thunderstorm
2025-10-10,Mumbai_Warehouse,5.8,0.8,11.8,Fog
2025-10-11,Mumbai_Warehouse,20.1,3.2,17.0,Thunderstorm
2025-10-12,Mumbai_Warehouse,34.0,0.2,21.5,Clear
2025-10-13,Mumbai_Warehouse,15.0,0.2,20.0,Cloudy
2025-10-14,Mumbai_Warehouse,17.6,0.1,19.2,Fog
2025-10-15,Mumbai_Warehouse,15.0,1.1,5.6,Rain
2025-10-16,Mumbai_Warehouse,21.3,8.4,10.7,Thunderstorm
2025-10-17,Mumbai_Warehouse,13.4,0.1,1.5,Fog
2025-10-18,Mumbai_Warehouse,16.2,0.6,13.7,Rain
2025-10-19,Mumbai_Warehouse,34.1,0.1,0.2,Clear
2025-10-20,Mumbai_Warehouse,-4.0,5.1,13.3,Snow
2025-10-21,Mumbai_Warehouse,18.1,0.7,13.0,Fog
2025-10-22,Mumbai_Warehouse,29.6,9.5,23.9,Thunderstorm
2025-10-23,Mumbai_Warehouse,-0.8,4.2,1.6,Snow
2025-10-24,Mumbai_Warehouse,28.1,1.0,15.9,Clear
2025-10-25,Mumbai_Warehouse,5.6,0.9,22.9,Fog
2025-10-26,Mumbai_Warehouse,21.1,1.0,4.7,Rain
2025-10-27,Mumbai_Warehouse,0.5,0.5,3.2,Snow
2025-10-28,Mumbai_Warehouse,6.5,6.1,5.6,Snow
2025-10-29,Mumbai_Warehouse,21.4,0.8,23.3,Rain
2025-10-30,Mumbai_Warehouse,8.5,0.4,4.9,Fog
2025-10-31,Mumbai_Warehouse,4.3,7.0,19.4,Snow
2025-11-01,Mumbai_Warehouse,19.8,0.1,23.0,Clear
2025-11-02,Mumbai_Warehouse,26.8,3.7,24.6,Thunderstorm
2025-11-03,Mumbai_Warehouse,12.2,0.8,2.4,Fog
2025-11-04,Mumbai_Warehouse,15.9,8.3,1.7,Rain
2025-11-05,Mumbai_Warehouse,2.1,6.6,19.9,Snow
2025-11-06,Mumbai_Warehouse,24.3,8.4,7.2,Rain
2025-11-07,Mumbai_Warehouse,2.9,4.2,16.1,Snow
2025-11-08,Mumbai_Warehouse,20.5,0.2,13.6,Clear
2025-11-09,Mumbai_Warehouse,6.7,9.0,3.9,Snow
2025-11-10,Mumbai_Warehouse,15.2,0.6,14.4,Fog
2025-11-11,Mumbai_Warehouse,16.1,9.9,24.7,Rain
2025-11-12,Mumbai_Warehouse,16.1,8.4,4.1,Rain
2025-11-13,Mumbai_Warehouse,21.5,1.4,13.7,Thunderstorm
2025-11-14,Mumbai_Warehouse,20.7,6.0,4.0,Thunderstorm
2025-11-15,Mumbai_Warehouse,24.1,0.2,10.7,Cloudy
2025-11-16,Mumbai_Warehouse,30.8,0.2,4.7,Clear
2025-08-19,Delhi_DC,21.3,0.4,14.9,Cloudy
2025-08-20,Delhi_DC,10.1,1.2,5.7,Rain
2025-08-21,Delhi_DC,24.5,0.9,5.0,Cloudy
2025-08-22,Delhi_DC,13.9,0.3,17.1,Fog
2025-08-23,Delhi_DC,15.7,0.3,12.5,Fog
2025-08-24,Delhi_DC,13.1,0.4,2.9,Fog
2025-08-25,Delhi_DC,22.5,7.0,18.5,Thunderstorm
2025-08-26,Delhi_DC,20.4,3.5,7.5,Thunderstorm
2025-08-27,Delhi_DC,1.2,7.1,23.8,Snow
2025-08-28,Delhi_DC,34.9,0.8,5.3,Cloudy
2025-08-29,Delhi_DC,20.5,0.5,22.3,Clear
2025-08-30,Delhi_DC,5.4,3.5,4.5,Snow
2025-08-31,Delhi_DC,12.0,8.3,5.0,Rain
2025-09-01,Delhi_DC,24.1,0.2,23.4,Thunderstorm
2025-09-02,Delhi_DC,25.3,0.1,9.5,Clear
2025-09-03,Delhi_DC,1.9,2.4,21.3,Snow
2025-09-04,Delhi_DC,21.3,6.1,21.4,Rain
2025-09-05,Delhi_DC,28.9,0.9,14.3,Cloudy
2025-09-06,Delhi_DC,8.7,0.5,13.5,Fog
2025-09-07,Delhi_DC,1.0,9.6,14.4,Snow
2025-09-08,Delhi_DC,15.9,0.6,9.2,Cloudy
2025-09-09,Delhi_DC,23.5,5.6,7.4,Thunderstorm
2025-09-10,Delhi_DC,26.2,0.7,24.0,Cloudy
2025-09-11,Delhi_DC,18.5,1.0,4.8,Clear
2025-09-12,Delhi_DC,23.4,9.5,16.9,Thunderstorm
2025-09-13,Delhi_DC,15.8,8.1,19.0,Rain
2025-09-14,Delhi_DC,5.9,0.7,22.0,Fog
2025-09-15,Delhi_DC,0.5,4.0,7.3,Snow
2025-09-16,Delhi_DC,21.8,2.9,6.5,Thunderstorm
2025-09-17,Delhi_DC,18.9,0.1,4.6,Cloudy
2025-09-18,Delhi_DC,22.7,7.5,24.7,Rain
2025-09-19,Delhi_DC,9.5,0.9,1.7,Fog
2025-09-20,Delhi_DC,5.4,0.0,15.3,Fog
2025-09-21,Delhi_DC,13.5,1.6,17.5,Rain
2025-09-22,Delhi_DC,25.8,0.4,17.5,Clear
2025-09-23,Delhi_DC,33.2,0.2,20.4,Cloudy
2025-09-24,Delhi_DC,21.0,0.3,2.7,Cloudy
2025-09-25,Delhi_DC,35.0,0.2,16.8,Cloudy
2025-09-26,Delhi_DC,16.0,0.4,13.6,Fog
2025-09-27,Delhi_DC,3.8,3.6,8.5,Snow
2025-09-28,Delhi_DC,25.8,0.1,16.0,Cloudy
2025-09-29,Delhi_DC,6.4,4.8,19.5,Snow
2025-09-30,Delhi_DC,4.7,1.1,18.7,Snow
2025-10-01,Delhi_DC,21.2,0.9,19.5,Clear
2025-10-02,Delhi_DC,27.9,2.3,10.1,Thunderstorm
2025-10-03,Delhi_DC,28.9,1.5,10.3,Thunderstorm
2025-10-04,Delhi_DC,18.9,4.8,0.8,Rain
2025-10-05,Delhi_DC,23.2,1.1,16.4,Thunderstorm
2025-10-06,Delhi_DC,30.4,0.7,24.7,Clear
2025-10-07,Delhi_DC,21.2,0.1,2.8,Cloudy
2025-10-08,Delhi_DC,23.7,8.2,19.1,Thunderstorm
2025-10-09,Delhi_DC,32.0,0.3,20.8,Clear
2025-10-10,Delhi_DC,18.9,7.2,7.0,Rain
2025-10-11,Delhi_DC,32.2,0.6,22.7,Cloudy
2025-10-12,Delhi_DC,-1.6,9.8,11.1,Snow
2025-10-13,Delhi_DC,26.7,1.0,18.6,Cloudy
2025-10-14,Delhi_DC,22.6,9.1,19.3,Thunderstorm
2025-10-15,Delhi_DC,12.4,3.1,13.0,Rain
2025-10-16,Delhi_DC,9.9,0.7,10.3,Fog
2025-10-17,Delhi_DC,19.0,0.2,21.7,Clear
2025-10-18,Delhi_DC,29.6,0.0,1.6,Thunderstorm
2025-10-19,Delhi_DC,0.3,1.2,20.3,Snow
2025-10-20,Delhi_DC,23.5,5.9,22.1,Thunderstorm
2025-10-21,Delhi_DC,1.3,6.0,21.7,Snow
2025-10-22,Delhi_DC,24.2,0.6,24.6,Cloudy
2025-10-23,Delhi_DC,15.9,0.2,0.2,Clear
2025-10-24,Delhi_DC,15.3,1.0,19.9,Fog
2025-10-25,Delhi_DC,14.1,0.9,18.3,Fog
2025-10-26,Delhi_DC,16.0,0.6,24.5,Cloudy
2025-10-27,Delhi_DC,21.6,0.4,10.2,Cloudy
2025-10-28,Delhi_DC,19.7,7.8,13.2,Rain
2025-10-29,Delhi_DC,14.6,2.6,7.5,Rain
2025-10-30,Delhi_DC,19.9,0.8,3.1,Clear
2025-10-31,Delhi_DC,-3.3,4.9,14.7,Snow
2025-11-01,Delhi_DC,21.8,0.8,0.2,Clear
2025-11-02,Delhi_DC,22.7,5.6,15.3,Thunderstorm
2025-11-03,Delhi_DC,10.5,0.2,17.1,Rain
2025-11-04,Delhi_DC,6.0,7.8,16.7,Snow
2025-11-05,Delhi_DC,23.7,4.8,8.0,Thunderstorm
2025-11-06,Delhi_DC,22.2,3.0,6.6,Thunderstorm
2025-11-07,Delhi_DC,8.1,2.1,23.0,Snow
2025-11-08,Delhi_DC,15.8,4.0,22.8,Rain
2025-11-09,Delhi_DC,5.3,0.6,3.6,Fog
2025-11-10,Delhi_DC,0.4,3.2,18.0,Snow
2025-11-11,Delhi_DC,23.3,0.7,7.4,Cloudy
2025-11-12,Delhi_DC,7.6,8.4,24.9,Snow
2025-11-13,Delhi_DC,17.7,1.0,21.7,Clear
2025-11-14,Delhi_DC,12.8,0.7,9.5,Fog
2025-11-15,Delhi_DC,21.7,9.4,21.7,Rain
2025-11-16,Delhi_DC,25.3,2.4,9.6,Thunderstorm
2025-08-19,Bangalore_Hub,4.8,1.8,8.6,Snow
2025-08-20,Bangalore_Hub,22.7,1.1,3.4,Rain
2025-08-21,Bangalore_Hub,15.4,0.9,15.3,Fog
2025-08-22,Bangalore_Hub,23.5,9.4,19.5,Thunderstorm
2025-08-23,Bangalore_Hub,-4.0,1.4,1.3,Snow
2025-08-24,Bangalore_Hub,9.0,3.4,12.6,Snow
2025-08-25,Bangalore_Hub,34.1,0.1,14.0,Cloudy
2025-08-26,Bangalore_Hub,21.0,0.4,22.6,Clear
2025-08-27,Bangalore_Hub,20.7,1.1,23.9,Rain
2025-08-28,Bangalore_Hub,6.4,7.7,16.9,Snow
2025-08-29,Bangalore_Hub,19.9,0.8,13.9,Clear
2025-08-30,Bangalore_Hub,22.5,0.1,17.0,Clear
2025-08-31,Bangalore_Hub,15.2,0.7,9.7,Cloudy
2025-09-01,Bangalore_Hub,21.2,0.3,11.6,Rain
2025-09-02,Bangalore_Hub,19.0,0.4,6.6,Fog
2025-09-03,Bangalore_Hub,21.6,2.8,14.4,Rain
2025-09-04,Bangalore_Hub,22.8,9.1,0.0,Rain
2025-09-05,Bangalore_Hub,28.0,0.9,20.9,Clear
2025-09-06,Bangalore_Hub,18.9,4.8,15.3,Rain
2025-09-07,Bangalore_Hub,34.4,1.0,10.7,Cloudy
2025-09-08,Bangalore_Hub,27.5,0.6,11.3,Cloudy
2025-09-09,Bangalore_Hub,16.4,8.2,11.6,Rain
2025-09-10,Bangalore_Hub,1.0,9.1,6.4,Snow
2025-09-11,Bangalore_Hub,5.0,5.2,20.5,Snow
2025-09-12,Bangalore_Hub,31.3,0.4,5.4,Cloudy
2025-09-13,Bangalore_Hub,20.3,3.0,8.5,Thunderstorm
2025-09-14,Bangalore_Hub,-0.6,2.1,0.2,Snow
2025-09-15,Bangalore_Hub,24.0,3.9,9.7,Thunderstorm
2025-09-16,Bangalore_Hub,26.9,0.4,23.9,Cloudy
2025-09-17,Bangalore_Hub,16.3,3.9,25.0,Rain
2025-09-18,Bangalore_Hub,18.3,3.7,0.7,Rain
2025-09-19,Bangalore_Hub,20.7,7.3,24.6,Thunderstorm
2025-09-20,Bangalore_Hub,32.6,1.0,20.3,Clear
2025-09-21,Bangalore_Hub,24.4,0.2,11.9,Clear
2025-09-22,Bangalore_Hub,-3.2,3.0,10.1,Snow
2025-09-23,Bangalore_Hub,15.0,9.4,0.2,Rain
2025-09-24,Bangalore_Hub,6.6,0.3,11.0,Fog
2025-09-25,Bangalore_Hub,27.1,1.9,14.2,Thunderstorm
2025-09-26,Bangalore_Hub,24.0,6.6,18.2,Thunderstorm
2025-09-27,Bangalore_Hub,14.4,0.8,14.0,Fog
2025-09-28,Bangalore_Hub,16.9,0.4,21.4,Clear
2025-09-29,Bangalore_Hub,-1.0,5.4,14.3,Snow
2025-09-30,Bangalore_Hub,15.7,0.9,22.5,Clear
2025-10-01,Bangalore_Hub,33.5,0.7,9.7,Cloudy
2025-10-02,Bangalore_Hub,7.5,4.0,14.1,Snow
2025-10-03,Bangalore_Hub,25.1,0.4,3.3,Clear
2025-10-04,Bangalore_Hub,17.7,6.0,6.0,Rain
2025-10-05,Bangalore_Hub,24.4,3.8,13.9,Rain
2025-10-06,Bangalore_Hub,7.8,0.8,10.6,Snow
2025-10-07,Bangalore_Hub,19.2,0.2,21.6,Fog
2025-10-08,Bangalore_Hub,18.6,6.2,9.9,Rain
2025-10-09,Bangalore_Hub,22.8,0.2,22.1,Clear
2025-10-10,Bangalore_Hub,-4.1,3.4,15.1,Snow
2025-10-11,Bangalore_Hub,18.7,1.0,19.7,Fog
2025-10-12,Bangalore_Hub,18.0,0.0,10.8,Clear
2025-10-13,Bangalore_Hub,18.1,0.6,0.8,Cloudy
2025-10-14,Bangalore_Hub,22.8,0.3,20.1,Clear
2025-10-15,Bangalore_Hub,12.6,0.6,14.7,Fog
2025-10-16,Bangalore_Hub,33.9,0.6,8.6,Clear
2025-10-17,Bangalore_Hub,0.2,7.2,11.4,Snow
2025-10-18,Bangalore_Hub,13.9,0.4,12.2,Fog
2025-10-19,Bangalore_Hub,20.9,9.2,5.7,Thunderstorm
2025-10-20,Bangalore_Hub,33.2,0.2,24.7,Cloudy
2025-10-21,Bangalore_Hub,22.2,6.9,20.0,Thunderstorm
2025-10-22,Bangalore_Hub,28.6,6.2,21.5,Thunderstorm
2025-10-23,Bangalore_Hub,15.6,0.2,9.4,Fog
2025-10-24,Bangalore_Hub,27.1,7.2,23.4,Thunderstorm
2025-10-25,Bangalore_Hub,20.7,1.2,16.5,Thunderstorm
2025-10-26,Bangalore_Hub,25.5,7.3,5.5,Thunderstorm
2025-10-27,Bangalore_Hub,-0.3,1.3,8.0,Snow
2025-10-28,Bangalore_Hub,10.7,0.1,6.5,Fog
2025-10-29,Bangalore_Hub,21.5,0.3,2.9,Clear
2025-10-30,Bangalore_Hub,22.4,8.5,17.4,Rain
2025-10-31,Bangalore_Hub,15.5,1.4,13.1,Rain
2025-11-01,Bangalore_Hub,17.1,4.7,20.4,Rain
2025-11-02,Bangalore_Hub,8.9,0.2,0.4,Fog
2025-11-03,Bangalore_Hub,11.2,3.8,15.4,Rain
2025-11-04,Bangalore_Hub,33.2,0.4,22.6,Cloudy
2025-11-05,Bangalore_Hub,20.3,9.5,12.9,Thunderstorm
2025-11-06,Bangalore_Hub,24.8,0.2,19.1,Clear
2025-11-07,Bangalore_Hub,19.8,0.6,10.3,Clear
2025-11-08,Bangalore_Hub,18.0,5.2,10.9,Rain
2025-11-09,Bangalore_Hub,34.0,0.1,20.2,Clear
2025-11-10,Bangalore_Hub,15.8,0.9,21.3,Fog
2025-11-11,Bangalore_Hub,29.9,4.8,22.9,Thunderstorm
2025-11-12,Bangalore_Hub,34.8,0.1,0.9,Cloudy
2025-11-13,Bangalore_Hub,22.4,4.0,14.4,Thunderstorm
2025-11-14,Bangalore_Hub,24.6,4.5,16.9,Rain
2025-11-15,Bangalore_Hub,13.9,0.7,3.7,Fog
2025-11-16,Bangalore_Hub,26.2,7.5,12.3,Thunderstorm
2025-08-19,Chennai_Distribution,16.4,0.9,15.1,Clear
2025-08-20,Chennai_Distribution,15.3,2.9,3.4,Rain
2025-08-21,Chennai_Distribution,23.9,6.4,19.0,Rain
2025-08-22,Chennai_Distribution,34.4,0.7,19.6,Cloudy
2025-08-23,Chennai_Distribution,32.7,0.8,5.2,Clear
2025-08-24,Chennai_Distribution,26.6,0.8,18.6,Clear
2025-08-25,Chennai_Distribution,4.5,5.4,2.2,Snow
2025-08-26,Chennai_Distribution,21.1,0.4,2.9,Clear
2025-08-27,Chennai_Distribution,28.3,0.1,11.5,Clear
2025-08-28,Chennai_Distribution,12.9,3.5,17.6,Rain
2025-08-29,Chennai_Distribution,25.5,0.2,5.8,Clear
2025-08-30,Chennai_Distribution,24.4,7.9,3.0,Thunderstorm
2025-08-31,Chennai_Distribution,18.8,0.7,24.4,Cloudy
2025-09-01,Chennai_Distribution,29.4,0.6,21.5,Clear
2025-09-02,Chennai_Distribution,4.2,1.9,13.1,Snow
2025-09-03,Chennai_Distribution,25.2,1.0,19.7,Clear
2025-09-04,Chennai_Distribution,17.4,6.8,18.7,Rain
2025-09-05,Chennai_Distribution,30.7,0.4,5.5,Cloudy
2025-09-06,Chennai_Distribution,16.7,0.3,7.3,Fog
2025-09-07,Chennai_Distribution,18.0,1.6,24.2,Rain
2025-09-08,Chennai_Distribution,11.9,8.6,13.9,Rain
2025-09-09,Chennai_Distribution,22.9,1.0,13.8,Cloudy
2025-09-10,Chennai_Distribution,12.4,0.8,20.1,Fog
2025-09-11,Chennai_Distribution,-4.6,2.0,20.8,Snow
2025-09-12,Chennai_Distribution,10.6,5.1,15.7,Rain
2025-09-13,Chennai_Distribution,-1.7,1.5,17.1,Snow
2025-09-14,Chennai_Distribution,25.0,0.0,12.6,Cloudy
2025-09-15,Chennai_Distribution,20.5,2.4,2.5,Thunderstorm
2025-09-16,Chennai_Distribution,16.1,0.6,8.7,Fog
2025-09-17,Chennai_Distribution,33.9,1.0,22.9,Cloudy
2025-09-18,Chennai_Distribution,32.7,0.8,1.3,Clear
2025-09-19,Chennai_Distribution,25.3,0.1,13.3,Clear
2025-09-20,Chennai_Distribution,6.9,3.8,1.0,Snow
2025-09-21,Chennai_Distribution,10.5,5.4,7.1,Rain
2025-09-22,Chennai_Distribution,27.1,8.5,11.4,Thunderstorm
2025-09-23,Chennai_Distribution,19.6,0.3,8.0,Clear
2025-09-24,Chennai_Distribution,28.4,4.7,23.1,Thunderstorm
2025-09-25,Chennai_Distribution,-2.7,0.8,22.6,Snow
2025-09-26,Chennai_Distribution,15.3,1.0,19.9,Fog
2025-09-27,Chennai_Distribution,9.9,0.2,14.4,Fog
2025-09-28,Chennai_Distribution,18.4,0.4,7.9,Rain
2025-09-29,Chennai_Distribution,31.2,0.8,12.8,Clear
2025-09-30,Chennai_Distribution,30.2,0.4,19.0,Clear
2025-10-01,Chennai_Distribution,28.7,1.7,11.2,Thunderstorm
2025-10-02,Chennai_Distribution,12.7,0.3,19.2,Rain
2025-10-03,Chennai_Distribution,29.1,3.7,11.4,Thunderstorm
2025-10-04,Chennai_Distribution,24.0,0.0,20.9,Thunderstorm
2025-10-05,Chennai_Distribution,20.8,0.8,8.4,Clear
2025-10-06,Chennai_Distribution,20.8,0.8,23.3,Clear
2025-10-07,Chennai_Distribution,24.5,8.5,6.8,Thunderstorm
2025-10-08,Chennai_Distribution,31.6,0.5,10.9,Clear
2025-10-09,Chennai_Distribution,14.8,0.3,11.9,Fog
2025-10-10,Chennai_Distribution,10.1,9.6,3.5,Rain
2025-10-11,Chennai_Distribution,9.3,8.1,12.9,Snow
2025-10-12,Chennai_Distribution,18.4,3.9,9.8,Rain
2025-10-13,Chennai_Distribution,13.1,0.8,2.1,Fog
2025-10-14,Chennai_Distribution,24.8,0.0,22.4,Cloudy
2025-10-15,Chennai_Distribution,13.3,6.2,13.4,Rain
2025-10-16,Chennai_Distribution,6.8,0.3,20.6,Fog
2025-10-17,Chennai_Distribution,21.8,6.4,9.9,Thunderstorm
2025-10-18,Chennai_Distribution,8.8,0.9,18.3,Fog
2025-10-19,Chennai_Distribution,1.7,1.5,18.9,Snow
2025-10-20,Chennai_Distribution,19.8,0.4,1.0,Cloudy
2025-10-21,Chennai_Distribution,26.6,0.5,1.3,Clear
2025-10-22,Chennai_Distribution,21.6,7.6,1.8,Rain
2025-10-23,Chennai_Distribution,18.0,0.9,0.3,Fog
2025-10-24,Chennai_Distribution,24.6,5.4,14.6,Thunderstorm
2025-10-25,Chennai_Distribution,16.0,0.1,11.4,Fog
2025-10-26,Chennai_Distribution,22.9,0.8,6.5,Clear
2025-10-27,Chennai_Distribution,8.8,0.9,18.5,Fog
2025-10-28,Chennai_Distribution,15.3,9.1,17.8,Rain
2025-10-29,Chennai_Distribution,8.3,2.3,13.9,Snow
2025-10-30,Chennai_Distribution,8.5,0.7,19.6,Snow
2025-10-31,Chennai_Distribution,15.8,0.4,16.7,Fog
2025-11-01,Chennai_Distribution,27.5,0.2,23.5,Thunderstorm
2025-11-02,Chennai_Distribution,33.0,0.6,17.5,Cloudy
2025-11-03,Chennai_Distribution,33.8,0.1,23.4,Clear
2025-11-04,Chennai_Distribution,19.5,0.8,9.8,Cloudy
2025-11-05,Chennai_Distribution,24.6,6.0,11.6,Rain
2025-11-06,Chennai_Distribution,17.1,0.2,7.7,Cloudy
2025-11-07,Chennai_Distribution,8.3,4.9,20.8,Snow
2025-11-08,Chennai_Distribution,-1.2,5.8,2.7,Snow
2025-11-09,Chennai_Distribution,25.8,5.1,18.2,Thunderstorm
2025-11-10,Chennai_Distribution,23.4,0.5,4.6,Cloudy
2025-11-11,Chennai_Distribution,21.6,9.9,8.6,Rain
2025-11-12,Chennai_Distribution,22.8,0.3,1.8,Clear
2025-11-13,Chennai_Distribution,13.5,0.0,9.9,Fog
2025-11-14,Chennai_Distribution,17.4,0.4,4.8,Clear
2025-11-15,Chennai_Distribution,25.6,6.0,22.4,Thunderstorm
2025-11-16,Chennai_Distribution,27.8,7.5,3.7,Thunderstorm
2025-08-19,Kolkata_Center,25.3,6.3,1.3,Thunderstorm
2025-08-20,Kolkata_Center,13.3,0.7,5.6,Fog
2025-08-21,Kolkata_Center,26.4,6.8,20.1,Thunderstorm
2025-08-22,Kolkata_Center,30.3,0.6,18.6,Clear
2025-08-23,Kolkata_Center,18.0,0.9,24.1,Clear
2025-08-24,Kolkata_Center,8.7,0.1,1.4,Fog
2025-08-25,Kolkata_Center,22.8,1.6,19.4,Thunderstorm
2025-08-26,Kolkata_Center,20.8,0.6,10.7,Thunderstorm
2025-08-27,Kolkata_Center,23.9,0.7,8.6,Cloudy
2025-08-28,Kolkata_Center,0.6,1.1,17.1,Snow
2025-08-29,Kolkata_Center,27.7,0.9,6.2,Cloudy
2025-08-30,Kolkata_Center,29.5,0.4,14.2,Cloudy
2025-08-31,Kolkata_Center,15.9,0.8,24.6,Cloudy
2025-09-01,Kolkata_Center,8.5,0.4,20.2,Fog
2025-09-02,Kolkata_Center,-3.0,7.0,14.0,Snow
2025-09-03,Kolkata_Center,21.2,1.1,9.1,Thunderstorm
2025-09-04,Kolkata_Center,22.7,0.9,3.9,Clear
2025-09-05,Kolkata_Center,26.3,6.4,5.2,Thunderstorm
2025-09-06,Kolkata_Center,33.0,0.5,1.5,Cloudy
2025-09-07,Kolkata_Center,29.3,4.2,12.8,Thunderstorm
2025-09-08,Kolkata_Center,29.9,0.7,9.6,Clear
2025-09-09,Kolkata_Center,10.2,6.5,9.8,Rain
2025-09-10,Kolkata_Center,-3.8,4.2,10.4,Snow
2025-09-11,Kolkata_Center,18.3,4.3,17.6,Rain
2025-09-12,Kolkata_Center,16.6,0.5,11.9,Cloudy
2025-09-13,Kolkata_Center,31.0,0.7,4.3,Cloudy
2025-09-14,Kolkata_Center,18.5,0.9,8.1,Cloudy
2025-09-15,Kolkata_Center,12.8,2.6,12.4,Rain
2025-09-16,Kolkata_Center,22.0,9.7,18.2,Rain
2025-09-17,Kolkata_Center,5.2,0.8,10.8,Fog
2025-09-18,Kolkata_Center,11.2,4.8,12.1,Rain
2025-09-19,Kolkata_Center,9.4,2.1,5.8,Snow
2025-09-20,Kolkata_Center,12.5,5.1,14.9,Rain
2025-09-21,Kolkata_Center,10.0,9.0,3.2,Rain
2025-09-22,Kolkata_Center,16.0,0.9,16.2,Clear
2025-09-23,Kolkata_Center,32.6,0.8,0.3,Cloudy
2025-09-24,Kolkata_Center,-3.3,0.6,13.3,Snow
2025-09-25,Kolkata_Center,26.7,0.2,20.5,Cloudy
2025-09-26,Kolkata_Center,9.1,0.9,19.4,Fog
2025-09-27,Kolkata_Center,24.3,8.6,18.1,Rain
2025-09-28,Kolkata_Center,30.0,0.0,2.0,Clear
2025-09-29,Kolkata_Center,12.7,1.0,18.4,Fog
2025-09-30,Kolkata_Center,10.2,6.5,8.1,Rain
2025-10-01,Kolkata_Center,11.0,4.6,2.5,Rain
2025-10-02,Kolkata_Center,28.7,1.0,19.7,Thunderstorm
2025-10-03,Kolkata_Center,7.6,5.8,22.6,Snow
2025-10-04,Kolkata_Center,33.0,0.8,1.5,Cloudy
2025-10-05,Kolkata_Center,15.3,0.2,4.2,Cloudy
2025-10-06,Kolkata_Center,26.4,0.6,7.4,Cloudy
2025-10-07,Kolkata_Center,16.6,0.2,9.5,Cloudy
2025-10-08,Kolkata_Center,14.6,0.8,12.2,Fog
2025-10-09,Kolkata_Center,23.9,6.8,19.0,Thunderstorm
2025-10-10,Kolkata_Center,21.3,0.4,13.5,Clear
2025-10-11,Kolkata_Center,20.0,0.6,9.9,Cloudy
2025-10-12,Kolkata_Center,24.5,0.0,0.2,Cloudy
2025-10-13,Kolkata_Center,22.9,5.4,3.4,Rain
2025-10-14,Kolkata_Center,13.8,0.6,6.2,Fog
2025-10-15,Kolkata_Center,23.9,0.6,7.8,Thunderstorm
2025-10-16,Kolkata_Center,17.9,0.4,20.9,Cloudy
2025-10-17,Kolkata_Center,31.3,0.4,20.8,Cloudy
2025-10-18,Kolkata_Center,23.9,2.0,12.7,Rain
2025-10-19,Kolkata_Center,9.9,0.7,22.0,Fog
2025-10-20,Kolkata_Center,16.1,0.1,21.1,Fog
2025-10-21,Kolkata_Center,17.3,1.0,9.6,Rain
2025-10-22,Kolkata_Center,30.7,0.4,3.7,Clear
2025-10-23,Kolkata_Center,18.5,0.4,23.4,Fog
2025-10-24,Kolkata_Center,21.3,0.8,10.8,Clear
2025-10-25,Kolkata_Center,28.4,6.7,12.2,Thunderstorm
2025-10-26,Kolkata_Center,12.5,4.8,22.6,Rain
2025-10-27,Kolkata_Center,-1.4,9.9,24.4,Snow
2025-10-28,Kolkata_Center,3.0,5.0,3.7,Snow
2025-10-29,Kolkata_Center,3.7,4.0,7.3,Snow
2025-10-30,Kolkata_Center,15.6,0.2,17.9,Fog
2025-10-31,Kolkata_Center,26.6,6.5,0.5,Thunderstorm
2025-11-01,Kolkata_Center,-1.7,8.2,0.1,Snow
2025-11-02,Kolkata_Center,13.2,0.4,6.9,Fog
2025-11-03,Kolkata_Center,24.1,2.8,10.3,Thunderstorm
2025-11-04,Kolkata_Center,29.0,0.9,15.3,Clear
2025-11-05,Kolkata_Center,23.1,3.1,21.1,Thunderstorm
2025-11-06,Kolkata_Center,12.5,1.0,24.4,Fog
2025-11-07,Kolkata_Center,30.2,0.3,8.2,Clear
2025-11-08,Kolkata_Center,14.0,0.1,11.8,Fog
2025-11-09,Kolkata_Center,12.1,8.8,20.8,Rain
2025-11-10,Kolkata_Center,19.1,0.2,22.7,Cloudy
2025-11-11,Kolkata_Center,2.9,2.9,22.9,Snow
2025-11-12,Kolkata_Center,25.0,4.3,16.8,Thunderstorm
2025-11-13,Kolkata_Center,4.7,0.1,9.9,Snow
2025-11-14,Kolkata_Center,14.3,0.7,9.8,Fog
2025-11-15,Kolkata_Center,21.5,5.0,10.9,Thunderstorm
2025-11-16,Kolkata_Center,17.4,1.8,21.7,Rain
2025-08-19,Hyderabad_WH,21.0,0.3,6.5,Clear
2025-08-20,Hyderabad_WH,26.6,0.4,5.3,Cloudy
2025-08-21,Hyderabad_WH,19.9,0.9,17.3,Clear
2025-08-22,Hyderabad_WH,34.6,0.5,21.3,Cloudy
2025-08-23,Hyderabad_WH,21.7,2.5,11.9,Rain
2025-08-24,Hyderabad_WH,16.7,0.7,15.7,Rain
2025-08-25,Hyderabad_WH,13.7,5.1,8.7,Rain
2025-08-26,Hyderabad_WH,19.4,0.5,13.8,Clear
2025-08-27,Hyderabad_WH,25.4,0.5,18.9,Clear
2025-08-28,Hyderabad_WH,25.1,9.7,4.9,Thunderstorm
2025-08-29,Hyderabad_WH,32.8,0.9,11.4,Cloudy
2025-08-30,Hyderabad_WH,12.6,9.3,17.0,Rain
2025-08-31,Hyderabad_WH,25.7,8.3,16.9,Thunderstorm
2025-09-01,Hyderabad_WH,7.4,7.5,8.4,Snow
2025-09-02,Hyderabad_WH,-1.9,6.9,12.1,Snow
2025-09-03,Hyderabad_WH,19.0,0.5,12.2,Fog
2025-09-04,Hyderabad_WH,22.6,1.3,5.9,Thunderstorm
2025-09-05,Hyderabad_WH,20.9,9.3,0.9,Rain
2025-09-06,Hyderabad_WH,21.4,8.6,5.9,Rain
2025-09-07,Hyderabad_WH,8.8,2.6,5.4,Snow
2025-09-08,Hyderabad_WH,21.1,5.9,9.6,Thunderstorm
2025-09-09,Hyderabad_WH,9.1,0.8,15.5,Fog
2025-09-10,Hyderabad_WH,8.6,8.7,7.1,Snow
2025-09-11,Hyderabad_WH,16.6,7.7,23.3,Rain
2025-09-12,Hyderabad_WH,13.0,1.0,12.2,Fog
2025-09-13,Hyderabad_WH,6.7,4.1,19.4,Snow
2025-09-14,Hyderabad_WH,31.8,0.4,3.8,Cloudy
2025-09-15,Hyderabad_WH,4.3,8.4,9.3,Snow
2025-09-16,Hyderabad_WH,18.9,0.1,10.2,Fog
2025-09-17,Hyderabad_WH,20.3,7.6,6.0,Rain
2025-09-18,Hyderabad_WH,20.2,2.0,24.9,Rain
2025-09-19,Hyderabad_WH,22.5,0.1,7.8,Clear
2025-09-20,Hyderabad_WH,-3.4,0.6,9.0,Snow
2025-09-21,Hyderabad_WH,28.1,1.7,7.5,Thunderstorm
2025-09-22,Hyderabad_WH,31.5,0.6,14.2,Clear
2025-09-23,Hyderabad_WH,22.8,6.3,20.3,Rain
2025-09-24,Hyderabad_WH,28.8,9.6,9.8,Thunderstorm
2025-09-25,Hyderabad_WH,20.2,5.7,23.5,Thunderstorm
2025-09-26,Hyderabad_WH,21.3,0.7,22.2,Clear
2025-09-27,Hyderabad_WH,12.3,2.4,14.3,Rain
2025-09-28,Hyderabad_WH,21.4,0.9,23.1,Cloudy
2025-09-29,Hyderabad_WH,17.9,0.1,9.4,Cloudy
2025-09-30,Hyderabad_WH,18.6,0.9,5.1,Clear
2025-10-01,Hyderabad_WH,17.9,2.8,7.3,Rain
2025-10-02,Hyderabad_WH,-3.1,6.6,15.8,Snow
2025-10-03,Hyderabad_WH,9.5,0.8,19.6,Fog
2025-10-04,Hyderabad_WH,11.2,0.9,18.7,Fog
2025-10-05,Hyderabad_WH,18.2,0.7,19.3,Fog
2025-10-06,Hyderabad_WH,29.8,0.8,10.1,Clear
2025-10-07,Hyderabad_WH,12.1,2.7,12.8,Rain
2025-10-08,Hyderabad_WH,26.1,5.0,18.5,Thunderstorm
2025-10-09,Hyderabad_WH,27.2,0.7,7.7,Clear
2025-10-10,Hyderabad_WH,23.4,0.7,7.6,Clear
2025-10-11,Hyderabad_WH,29.9,8.4,17.9,Thunderstorm
2025-10-12,Hyderabad_WH,26.0,8.5,8.4,Thunderstorm
2025-10-13,Hyderabad_WH,7.9,0.2,4.5,Fog
2025-10-14,Hyderabad_WH,17.4,6.6,18.4,Rain
2025-10-15,Hyderabad_WH,26.8,4.5,10.6,Thunderstorm
2025-10-16,Hyderabad_WH,5.8,2.3,9.1,Snow
2025-10-17,Hyderabad_WH,22.5,0.9,1.2,Clear
2025-10-18,Hyderabad_WH,19.6,0.8,23.0,Clear
2025-10-19,Hyderabad_WH,9.8,0.3,1.6,Snow
2025-10-20,Hyderabad_WH,5.6,0.2,7.7,Fog
2025-10-21,Hyderabad_WH,17.2,0.7,0.6,Clear
2025-10-22,Hyderabad_WH,3.7,4.6,8.8,Snow
2025-10-23,Hyderabad_WH,10.0,0.8,2.5,Fog
2025-10-24,Hyderabad_WH,14.2,0.9,18.2,Fog
2025-10-25,Hyderabad_WH,17.2,1.0,5.8,Fog
2025-10-26,Hyderabad_WH,19.2,2.1,20.2,Rain
2025-10-27,Hyderabad_WH,23.7,0.1,21.5,Cloudy
2025-10-28,Hyderabad_WH,7.4,3.1,2.7,Snow
2025-10-29,Hyderabad_WH,17.9,0.6,17.6,Fog
2025-10-30,Hyderabad_WH,2.1,7.5,16.6,Snow
2025-10-31,Hyderabad_WH,15.8,0.7,7.3,Clear
2025-11-01,Hyderabad_WH,19.0,0.9,15.5,Clear
2025-11-02,Hyderabad_WH,-0.2,8.6,22.7,Snow
2025-11-03,Hyderabad_WH,-3.0,5.0,24.4,Snow
2025-11-04,Hyderabad_WH,19.4,0.2,24.1,Cloudy
2025-11-05,Hyderabad_WH,24.1,9.2,8.1,Rain
2025-11-06,Hyderabad_WH,-0.5,8.9,0.1,Snow
2025-11-07,Hyderabad_WH,1.8,9.6,13.1,Snow
2025-11-08,Hyderabad_WH,14.2,3.6,8.3,Rain
2025-11-09,Hyderabad_WH,31.2,0.7,13.2,Cloudy
2025-11-10,Hyderabad_WH,18.5,0.3,22.1,Fog
2025-11-11,Hyderabad_WH,24.2,9.8,4.4,Thunderstorm
2025-11-12,Hyderabad_WH,24.3,1.0,4.1,Rain
2025-11-13,Hyderabad_WH,22.3,0.6,22.1,Cloudy
2025-11-14,Hyderabad_WH,23.4,2.2,18.3,Rain
2025-11-15,Hyderabad_WH,18.3,0.7,0.3,Rain
2025-11-16,Hyderabad_WH,5.2,10.0,0.2,Snow
2025-08-19,Pune_Facility,25.1,0.9,0.7,Cloudy
2025-08-20,Pune_Facility,21.7,8.4,23.0,Thunderstorm
2025-08-21,Pune_Facility,6.2,4.3,4.3,Snow
2025-08-22,Pune_Facility,24.4,3.9,10.8,Rain
2025-08-23,Pune_Facility,20.0,6.7,11.2,Rain
2025-08-24,Pune_Facility,12.4,0.5,3.1,Fog
2025-08-25,Pune_Facility,28.2,6.3,19.6,Thunderstorm
2025-08-26,Pune_Facility,5.8,2.1,23.7,Snow
2025-08-27,Pune_Facility,17.3,0.8,12.2,Fog
2025-08-28,Pune_Facility,26.0,9.0,23.7,Thunderstorm
2025-08-29,Pune_Facility,29.8,8.6,21.4,Thunderstorm
2025-08-30,Pune_Facility,6.8,0.1,7.5,Fog
2025-08-31,Pune_Facility,6.5,9.6,14.0,Snow
2025-09-01,Pune_Facility,-0.1,4.6,13.1,Snow
2025-09-02,Pune_Facility,22.8,8.4,11.7,Thunderstorm
2025-09-03,Pune_Facility,20.3,8.8,24.2,Rain
2025-09-04,Pune_Facility,16.1,0.1,10.6,Cloudy
2025-09-05,Pune_Facility,31.8,0.4,3.5,Cloudy
2025-09-06,Pune_Facility,7.6,0.8,8.5,Fog
2025-09-07,Pune_Facility,19.1,0.1,8.9,Cloudy
2025-09-08,Pune_Facility,33.9,1.0,14.8,Cloudy
2025-09-09,Pune_Facility,19.5,7.2,3.1,Rain
2025-09-10,Pune_Facility,15.6,0.8,7.4,Cloudy
2025-09-11,Pune_Facility,24.8,0.3,24.9,Clear
2025-09-12,Pune_Facility,28.3,4.2,22.5,Thunderstorm
2025-09-13,Pune_Facility,25.6,5.9,10.3,Thunderstorm
2025-09-14,Pune_Facility,24.7,0.5,0.5,Cloudy
2025-09-15,Pune_Facility,17.2,0.1,1.3,Fog
2025-09-16,Pune_Facility,25.9,5.6,2.8,Thunderstorm
2025-09-17,Pune_Facility,24.1,4.4,12.5,Thunderstorm
2025-09-18,Pune_Facility,31.7,0.4,8.6,Clear
2025-09-19,Pune_Facility,14.3,0.0,3.9,Fog
2025-09-20,Pune_Facility,-1.2,6.8,4.5,Snow
2025-09-21,Pune_Facility,24.7,4.9,18.8,Thunderstorm
2025-09-22,Pune_Facility,19.0,0.4,21.4,Clear
2025-09-23,Pune_Facility,26.3,8.9,24.2,Thunderstorm
2025-09-24,Pune_Facility,34.9,0.6,19.1,Clear
2025-09-25,Pune_Facility,34.3,0.5,17.0,Clear
2025-09-26,Pune_Facility,14.3,0.8,1.7,Fog
2025-09-27,Pune_Facility,21.4,0.5,17.7,Clear
2025-09-28,Pune_Facility,11.8,3.5,19.1,Rain
2025-09-29,Pune_Facility,20.8,1.0,7.1,Clear
2025-09-30,Pune_Facility,28.7,0.9,3.8,Thunderstorm
2025-10-01,Pune_Facility,13.2,0.3,20.2,Fog
2025-10-02,Pune_Facility,5.9,0.4,8.6,Fog
2025-10-03,Pune_Facility,11.7,0.7,13.5,Fog
2025-10-04,Pune_Facility,24.1,8.5,9.0,Rain
2025-10-05,Pune_Facility,17.8,1.0,13.1,Clear
2025-10-06,Pune_Facility,19.7,5.0,14.9,Rain
2025-10-07,Pune_Facility,29.4,4.3,10.2,Thunderstorm
2025-10-08,Pune_Facility,6.7,5.6,13.3,Snow
2025-10-09,Pune_Facility,6.2,1.0,24.8,Fog
2025-10-10,Pune_Facility,21.7,0.9,15.3,Thunderstorm
2025-10-11,Pune_Facility,21.0,8.2,10.7,Thunderstorm
2025-10-12,Pune_Facility,15.6,4.6,2.0,Rain
2025-10-13,Pune_Facility,21.2,6.3,2.2,Rain
2025-10-14,Pune_Facility,15.9,1.0,6.3,Fog
2025-10-15,Pune_Facility,-1.8,8.3,22.1,Snow
2025-10-16,Pune_Facility,24.2,0.1,4.7,Cloudy
2025-10-17,Pune_Facility,2.8,4.1,5.1,Snow
2025-10-18,Pune_Facility,1.1,8.4,13.4,Snow
2025-10-19,Pune_Facility,16.9,2.9,7.2,Rain
2025-10-20,Pune_Facility,17.8,0.1,16.9,Fog
2025-10-21,Pune_Facility,19.2,9.0,16.2,Rain
2025-10-22,Pune_Facility,33.7,0.3,3.3,Cloudy
2025-10-23,Pune_Facility,24.0,0.9,7.2,Cloudy
2025-10-24,Pune_Facility,31.7,0.4,1.0,Clear
2025-10-25,Pune_Facility,27.3,9.2,19.3,Thunderstorm
2025-10-26,Pune_Facility,16.7,0.2,15.0,Rain
2025-10-27,Pune_Facility,9.6,0.4,15.9,Snow
2025-10-28,Pune_Facility,12.5,6.4,21.8,Rain
2025-10-29,Pune_Facility,18.6,0.2,20.7,Cloudy
2025-10-30,Pune_Facility,5.6,2.2,12.6,Snow
2025-10-31,Pune_Facility,6.1,0.2,12.1,Fog
2025-11-01,Pune_Facility,15.2,0.1,6.9,Clear
2025-11-02,Pune_Facility,0.3,7.6,12.3,Snow
2025-11-03,Pune_Facility,12.1,7.2,16.1,Rain
2025-11-04,Pune_Facility,16.3,3.5,4.2,Rain
2025-11-05,Pune_Facility,23.3,0.3,17.7,Cloudy
2025-11-06,Pune_Facility,16.4,0.7,15.2,Fog
2025-11-07,Pune_Facility,5.4,0.9,13.5,Fog
2025-11-08,Pune_Facility,9.1,0.2,24.1,Fog
2025-11-09,Pune_Facility,-0.2,8.4,9.3,Snow
2025-11-10,Pune_Facility,17.5,0.4,19.8,Clear
2025-11-11,Pune_Facility,21.3,1.0,14.2,Cloudy
2025-11-12,Pune_Facility,7.5,0.2,17.7,Fog
2025-11-13,Pune_Facility,19.3,0.9,17.9,Cloudy
2025-11-14,Pune_Facility,22.8,3.2,22.2,Thunderstorm
2025-11-15,Pune_Facility,30.7,0.7,2.0,Clear
2025-11-16,Pune_Facility,13.2,0.8,14.0,Fog
2025-08-19,Ahmedabad_DC,24.9,2.5,2.9,Rain
2025-08-20,Ahmedabad_DC,15.9,0.5,12.4,Cloudy
2025-08-21,Ahmedabad_DC,25.8,3.8,7.0,Thunderstorm
2025-08-22,Ahmedabad_DC,21.4,0.1,6.7,Clear
2025-08-23,Ahmedabad_DC,30.9,0.5,4.9,Clear
2025-08-24,Ahmedabad_DC,7.5,0.4,2.4,Fog
2025-08-25,Ahmedabad_DC,31.0,1.0,20.4,Clear
2025-08-26,Ahmedabad_DC,29.3,0.1,14.2,Clear
2025-08-27,Ahmedabad_DC,33.1,1.0,21.7,Clear
2025-08-28,Ahmedabad_DC,18.8,0.9,10.6,Cloudy
2025-08-29,Ahmedabad_DC,13.9,9.8,3.9,Rain
2025-08-30,Ahmedabad_DC,19.6,1.0,5.6,Clear
2025-08-31,Ahmedabad_DC,16.1,0.2,13.7,Cloudy
2025-09-01,Ahmedabad_DC,33.3,0.3,18.4,Clear
2025-09-02,Ahmedabad_DC,18.4,0.1,16.8,Fog
2025-09-03,Ahmedabad_DC,8.5,0.1,4.3,Fog
2025-09-04,Ahmedabad_DC,13.0,6.7,16.1,Rain
2025-09-05,Ahmedabad_DC,-4.9,7.9,5.9,Snow
2025-09-06,Ahmedabad_DC,10.9,9.4,4.1,Rain
2025-09-07,Ahmedabad_DC,25.3,0.8,22.4,Thunderstorm
2025-09-08,Ahmedabad_DC,-4.3,2.4,19.7,Snow
2025-09-09,Ahmedabad_DC,29.5,0.8,21.3,Cloudy
2025-09-10,Ahmedabad_DC,9.4,0.4,5.3,Fog
2025-09-11,Ahmedabad_DC,28.0,0.8,3.3,Cloudy
2025-09-12,Ahmedabad_DC,11.9,8.3,1.0,Rain
2025-09-13,Ahmedabad_DC,33.0,0.5,18.7,Cloudy
2025-09-14,Ahmedabad_DC,29.2,5.0,0.0,Thunderstorm
2025-09-15,Ahmedabad_DC,14.8,6.6,9.9,Rain
2025-09-16,Ahmedabad_DC,23.8,6.9,6.1,Rain
2025-09-17,Ahmedabad_DC,27.6,0.2,20.3,Clear
2025-09-18,Ahmedabad_DC,30.9,0.1,6.7,Clear
2025-09-19,Ahmedabad_DC,8.8,3.5,14.4,Snow
2025-09-20,Ahmedabad_DC,17.8,0.2,0.3,Cloudy
2025-09-21,Ahmedabad_DC,21.1,0.8,0.3,Clear
2025-09-22,Ahmedabad_DC,19.2,0.4,1.5,Cloudy
2025-09-23,Ahmedabad_DC,22.8,4.8,18.8,Thunderstorm
2025-09-24,Ahmedabad_DC,27.5,0.8,22.5,Cloudy
2025-09-25,Ahmedabad_DC,20.5,9.0,5.9,Rain
2025-09-26,Ahmedabad_DC,20.6,9.1,7.4,Rain
2025-09-27,Ahmedabad_DC,31.7,0.7,9.9,Clear
2025-09-28,Ahmedabad_DC,2.0,6.5,10.5,Snow
2025-09-29,Ahmedabad_DC,18.0,0.7,4.8,Fog
2025-09-30,Ahmedabad_DC,22.5,0.7,0.5,Clear
2025-10-01,Ahmedabad_DC,21.8,0.3,13.2,Cloudy
2025-10-02,Ahmedabad_DC,31.2,0.8,18.8,Cloudy
2025-10-03,Ahmedabad_DC,15.7,0.6,3.3,Fog
2025-10-04,Ahmedabad_DC,14.7,0.5,3.9,Rain
2025-10-05,Ahmedabad_DC,17.7,0.9,21.6,Fog
2025-10-06,Ahmedabad_DC,10.2,0.1,4.3,Fog
2025-10-07,Ahmedabad_DC,16.9,8.2,19.1,Rain
2025-10-08,Ahmedabad_DC,6.8,0.4,13.0,Fog
2025-10-09,Ahmedabad_DC,3.7,9.5,0.6,Snow
2025-10-10,Ahmedabad_DC,22.3,1.6,23.2,Rain
2025-10-11,Ahmedabad_DC,23.1,0.1,9.4,Cloudy
2025-10-12,Ahmedabad_DC,15.7,0.5,8.6,Fog
2025-10-13,Ahmedabad_DC,33.3,0.6,11.7,Clear
2025-10-14,Ahmedabad_DC,27.1,5.2,24.6,Thunderstorm
2025-10-15,Ahmedabad_DC,1.3,1.7,0.8,Snow
2025-10-16,Ahmedabad_DC,23.7,0.9,4.3,Cloudy
2025-10-17,Ahmedabad_DC,22.6,0.1,2.7,Cloudy
2025-10-18,Ahmedabad_DC,15.0,0.4,9.6,Cloudy
2025-10-19,Ahmedabad_DC,-0.5,6.5,16.0,Snow
2025-10-20,Ahmedabad_DC,14.6,0.8,22.5,Fog
2025-10-21,Ahmedabad_DC,5.0,6.6,24.6,Snow
2025-10-22,Ahmedabad_DC,21.8,4.4,12.6,Rain
2025-10-23,Ahmedabad_DC,33.2,0.2,18.1,Cloudy
2025-10-24,Ahmedabad_DC,24.3,0.1,8.3,Clear
2025-10-25,Ahmedabad_DC,29.4,5.7,18.7,Thunderstorm
2025-10-26,Ahmedabad_DC,23.4,5.6,18.9,Rain
2025-10-27,Ahmedabad_DC,15.2,0.9,3.6,Clear
2025-10-28,Ahmedabad_DC,22.9,2.4,4.5,Thunderstorm
2025-10-29,Ahmedabad_DC,29.6,0.2,17.7,Clear
2025-10-30,Ahmedabad_DC,28.9,0.3,18.8,Cloudy
2025-10-31,Ahmedabad_DC,8.4,2.0,11.1,Snow
2025-11-01,Ahmedabad_DC,8.8,6.5,13.8,Snow
2025-11-02,Ahmedabad_DC,19.8,0.9,12.7,Cloudy
2025-11-03,Ahmedabad_DC,22.6,9.6,7.7,Thunderstorm
2025-11-04,Ahmedabad_DC,17.9,0.9,13.9,Cloudy
2025-11-05,Ahmedabad_DC,23.3,0.7,13.0,Cloudy
2025-11-06,Ahmedabad_DC,11.2,1.5,11.1,Rain
2025-11-07,Ahmedabad_DC,33.9,0.4,3.2,Cloudy
2025-11-08,Ahmedabad_DC,18.8,0.4,19.0,Cloudy
2025-11-09,Ahmedabad_DC,10.8,0.6,15.4,Fog
2025-11-10,Ahmedabad_DC,16.1,0.5,9.6,Fog
2025-11-11,Ahmedabad_DC,22.6,5.0,17.0,Rain
2025-11-12,Ahmedabad_DC,34.3,0.7,24.0,Cloudy
2025-11-13,Ahmedabad_DC,21.9,6.2,4.7,Thunderstorm
2025-11-14,Ahmedabad_DC,21.9,0.8,20.0,Cloudy
2025-11-15,Ahmedabad_DC,18.5,0.4,1.2,Cloudy
2025-11-16,Ahmedabad_DC,24.5,0.3,13.6,Thunderstorm
2025-08-19,Jaipur_Hub,26.9,8.6,13.2,Thunderstorm
2025-08-20,Jaipur_Hub,20.5,0.4,24.5,Clear
2025-08-21,Jaipur_Hub,19.7,0.4,18.2,Clear
2025-08-22,Jaipur_Hub,20.8,0.2,19.0,Cloudy
2025-08-23,Jaipur_Hub,4.3,4.7,8.7,Snow
2025-08-24,Jaipur_Hub,21.8,0.3,24.2,Clear
2025-08-25,Jaipur_Hub,15.3,7.4,2.5,Rain
2025-08-26,Jaipur_Hub,23.9,1.3,6.5,Rain
2025-08-27,Jaipur_Hub,7.3,0.4,6.5,Fog
2025-08-28,Jaipur_Hub,19.8,9.8,20.2,Rain
2025-08-29,Jaipur_Hub,21.6,9.0,10.5,Thunderstorm
2025-08-30,Jaipur_Hub,13.0,0.7,15.3,Fog
2025-08-31,Jaipur_Hub,7.2,4.6,2.9,Snow
2025-09-01,Jaipur_Hub,1.8,0.5,10.2,Snow
2025-09-02,Jaipur_Hub,7.6,6.9,19.5,Snow
2025-09-03,Jaipur_Hub,15.6,0.4,8.5,Cloudy
2025-09-04,Jaipur_Hub,-1.6,5.2,17.4,Snow
2025-09-05,Jaipur_Hub,28.6,0.1,16.6,Clear
2025-09-06,Jaipur_Hub,5.4,1.2,17.8,Snow
2025-09-07,Jaipur_Hub,17.4,0.0,22.9,Fog
2025-09-08,Jaipur_Hub,18.0,6.9,21.4,Rain
2025-09-09,Jaipur_Hub,20.4,1.7,2.3,Thunderstorm
2025-09-10,Jaipur_Hub,12.9,7.0,6.5,Rain
2025-09-11,Jaipur_Hub,27.8,7.9,3.2,Thunderstorm
2025-09-12,Jaipur_Hub,28.1,1.9,20.6,Thunderstorm
2025-09-13,Jaipur_Hub,21.2,9.8,9.9,Rain
2025-09-14,Jaipur_Hub,-2.2,5.0,9.4,Snow
2025-09-15,Jaipur_Hub,23.1,0.7,12.7,Clear
2025-09-16,Jaipur_Hub,15.3,0.9,11.0,Clear
2025-09-17,Jaipur_Hub,21.6,1.0,0.8,Clear
2025-09-18,Jaipur_Hub,-2.7,0.6,23.3,Snow
2025-09-19,Jaipur_Hub,17.1,0.1,21.8,Cloudy
2025-09-20,Jaipur_Hub,25.8,2.2,19.5,Thunderstorm
2025-09-21,Jaipur_Hub,28.2,5.0,17.4,Thunderstorm
2025-09-22,Jaipur_Hub,13.6,0.9,5.9,Fog
2025-09-23,Jaipur_Hub,13.1,8.5,5.6,Rain
2025-09-24,Jaipur_Hub,29.1,2.1,23.2,Thunderstorm
2025-09-25,Jaipur_Hub,30.4,0.9,3.8,Clear
2025-09-26,Jaipur_Hub,15.9,0.3,18.6,Clear
2025-09-27,Jaipur_Hub,13.0,0.4,4.4,Rain
2025-09-28,Jaipur_Hub,29.8,0.1,8.8,Cloudy
2025-09-29,Jaipur_Hub,5.1,7.3,13.1,Snow
2025-09-30,Jaipur_Hub,26.8,0.6,15.4,Cloudy
2025-10-01,Jaipur_Hub,20.7,5.4,8.6,Thunderstorm
2025-10-02,Jaipur_Hub,27.8,2.2,16.2,Thunderstorm
2025-10-03,Jaipur_Hub,17.7,3.3,9.9,Rain
2025-10-04,Jaipur_Hub,20.5,0.1,1.6,Cloudy
2025-10-05,Jaipur_Hub,13.9,4.6,1.5,Rain
2025-10-06,Jaipur_Hub,28.4,6.1,13.8,Thunderstorm
2025-10-07,Jaipur_Hub,34.1,0.4,22.3,Cloudy
2025-10-08,Jaipur_Hub,33.8,0.9,14.6,Cloudy
2025-10-09,Jaipur_Hub,27.5,7.1,3.4,Thunderstorm
2025-10-10,Jaipur_Hub,25.1,0.9,1.7,Clear
2025-10-11,Jaipur_Hub,25.6,0.6,19.9,Cloudy
2025-10-12,Jaipur_Hub,8.8,0.9,13.1,Fog
2025-10-13,Jaipur_Hub,10.0,8.0,18.0,Rain
2025-10-14,Jaipur_Hub,27.6,2.5,1.0,Thunderstorm
2025-10-15,Jaipur_Hub,22.2,3.4,0.0,Rain
2025-10-16,Jaipur_Hub,21.4,9.6,13.8,Thunderstorm
2025-10-17,Jaipur_Hub,26.4,7.4,19.2,Thunderstorm
2025-10-18,Jaipur_Hub,30.9,0.3,4.0,Clear
2025-10-19,Jaipur_Hub,4.5,3.8,13.1,Snow
2025-10-20,Jaipur_Hub,29.9,7.6,19.7,Thunderstorm
2025-10-21,Jaipur_Hub,8.9,6.6,22.7,Snow
2025-10-22,Jaipur_Hub,17.8,5.4,2.0,Rain
2025-10-23,Jaipur_Hub,23.5,0.2,20.9,Cloudy
2025-10-24,Jaipur_Hub,10.0,3.6,23.3,Snow
2025-10-25,Jaipur_Hub,17.5,1.0,24.1,Cloudy
2025-10-26,Jaipur_Hub,0.8,4.6,21.5,Snow
2025-10-27,Jaipur_Hub,4.2,8.0,20.5,Snow
2025-10-28,Jaipur_Hub,25.7,0.3,23.5,Cloudy
2025-10-29,Jaipur_Hub,20.6,4.2,17.7,Rain
2025-10-30,Jaipur_Hub,24.3,0.5,10.9,Clear
2025-10-31,Jaipur_Hub,21.2,7.6,17.2,Rain
2025-11-01,Jaipur_Hub,20.6,1.0,12.5,Cloudy
2025-11-02,Jaipur_Hub,18.9,6.3,14.4,Rain
2025-11-03,Jaipur_Hub,2.6,1.0,8.9,Snow
2025-11-04,Jaipur_Hub,16.9,0.6,4.5,Fog
2025-11-05,Jaipur_Hub,0.3,3.8,22.7,Snow
2025-11-06,Jaipur_Hub,26.3,4.3,14.3,Thunderstorm
2025-11-07,Jaipur_Hub,20.1,1.0,6.6,Clear
2025-11-08,Jaipur_Hub,24.4,0.2,22.4,Clear
2025-11-09,Jaipur_Hub,29.8,3.3,5.4,Thunderstorm
2025-11-10,Jaipur_Hub,17.1,2.7,2.3,Rain
2025-11-11,Jaipur_Hub,27.4,3.1,14.0,Thunderstorm
2025-11-12,Jaipur_Hub,28.9,7.6,4.6,Thunderstorm
2025-11-13,Jaipur_Hub,2.8,8.1,20.3,Snow
2025-11-14,Jaipur_Hub,19.7,4.3,13.7,Rain
2025-11-15,Jaipur_Hub,24.7,10.0,14.2,Thunderstorm
2025-11-16,Jaipur_Hub,20.8,4.5,16.3,Thunderstorm
2025-08-19,Lucknow_Center,32.8,0.4,3.1,Clear
2025-08-20,Lucknow_Center,19.7,0.3,0.2,Fog
2025-08-21,Lucknow_Center,31.7,1.0,9.7,Clear
2025-08-22,Lucknow_Center,29.9,8.0,3.6,Thunderstorm
2025-08-23,Lucknow_Center,15.7,0.4,13.5,Cloudy
2025-08-24,Lucknow_Center,33.6,0.5,12.0,Cloudy
2025-08-25,Lucknow_Center,7.8,8.4,14.4,Snow
2025-08-26,Lucknow_Center,-1.7,8.3,16.1,Snow
2025-08-27,Lucknow_Center,10.9,4.9,13.8,Rain
2025-08-28,Lucknow_Center,7.5,0.7,16.9,Fog
2025-08-29,Lucknow_Center,-3.7,4.9,10.4,Snow
2025-08-30,Lucknow_Center,8.7,4.3,1.1,Snow
2025-08-31,Lucknow_Center,9.7,6.6,10.5,Snow
2025-09-01,Lucknow_Center,29.0,0.3,13.6,Clear
2025-09-02,Lucknow_Center,15.6,0.3,13.4,Fog
2025-09-03,Lucknow_Center,5.3,0.1,7.6,Fog
2025-09-04,Lucknow_Center,10.9,1.0,11.2,Fog
2025-09-05,Lucknow_Center,23.1,0.2,14.7,Thunderstorm
2025-09-06,Lucknow_Center,16.2,0.4,6.2,Fog
2025-09-07,Lucknow_Center,16.3,8.9,21.7,Rain
2025-09-08,Lucknow_Center,16.7,0.5,4.5,Fog
2025-09-09,Lucknow_Center,31.3,0.8,13.6,Cloudy
2025-09-10,Lucknow_Center,29.0,0.3,8.5,Thunderstorm
2025-09-11,Lucknow_Center,20.6,6.7,20.5,Thunderstorm
2025-09-12,Lucknow_Center,25.4,0.7,16.4,Thunderstorm
2025-09-13,Lucknow_Center,19.4,5.9,11.0,Rain
2025-09-14,Lucknow_Center,25.0,6.2,17.2,Thunderstorm
2025-09-15,Lucknow_Center,29.4,0.6,3.6,Thunderstorm
2025-09-16,Lucknow_Center,27.8,0.6,11.4,Clear
2025-09-17,Lucknow_Center,26.3,9.7,22.7,Thunderstorm
2025-09-18,Lucknow_Center,5.7,2.4,0.8,Snow
2025-09-19,Lucknow_Center,23.4,2.9,16.5,Thunderstorm
2025-09-20,Lucknow_Center,20.7,4.0,16.2,Rain
2025-09-21,Lucknow_Center,33.5,0.0,24.1,Cloudy
2025-09-22,Lucknow_Center,29.4,0.9,7.6,Clear
2025-09-23,Lucknow_Center,4.0,4.6,3.6,Snow
2025-09-24,Lucknow_Center,14.1,6.2,15.5,Rain
2025-09-25,Lucknow_Center,14.1,6.7,6.4,Rain
2025-09-26,Lucknow_Center,22.9,2.7,0.4,Thunderstorm
2025-09-27,Lucknow_Center,22.2,0.3,2.5,Clear
2025-09-28,Lucknow_Center,27.9,0.1,20.1,Clear
2025-09-29,Lucknow_Center,17.5,0.2,15.1,Fog
2025-09-30,Lucknow_Center,10.7,1.0,12.2,Fog
2025-10-01,Lucknow_Center,18.8,5.2,21.5,Rain
2025-10-02,Lucknow_Center,5.4,7.7,13.6,Snow
2025-10-03,Lucknow_Center,21.2,8.9,9.5,Thunderstorm
2025-10-04,Lucknow_Center,16.6,0.1,20.3,Cloudy
2025-10-05,Lucknow_Center,19.4,7.5,24.5,Rain
2025-10-06,Lucknow_Center,-2.6,4.2,5.5,Snow
2025-10-07,Lucknow_Center,15.8,8.8,21.5,Rain
2025-10-08,Lucknow_Center,20.4,1.1,20.3,Thunderstorm
2025-10-09,Lucknow_Center,31.5,1.0,11.1,Cloudy
2025-10-10,Lucknow_Center,21.3,9.3,14.1,Rain
2025-10-11,Lucknow_Center,21.7,2.4,15.5,Thunderstorm
2025-10-12,Lucknow_Center,25.9,1.4,14.3,Thunderstorm
2025-10-13,Lucknow_Center,34.6,0.1,22.7,Cloudy
2025-10-14,Lucknow_Center,17.7,3.7,13.7,Rain
2025-10-15,Lucknow_Center,18.5,9.8,21.2,Rain
2025-10-16,Lucknow_Center,24.8,0.6,23.7,Clear
2025-10-17,Lucknow_Center,6.6,5.7,7.8,Snow
2025-10-18,Lucknow_Center,29.9,0.5,6.8,Clear
2025-10-19,Lucknow_Center,32.0,0.2,23.9,Cloudy
2025-10-20,Lucknow_Center,20.8,1.8,9.0,Thunderstorm
2025-10-21,Lucknow_Center,29.9,6.3,18.6,Thunderstorm
2025-10-22,Lucknow_Center,13.1,0.6,17.3,Fog
2025-10-23,Lucknow_Center,9.6,8.6,17.6,Snow
2025-10-24,Lucknow_Center,32.4,1.0,14.1,Cloudy
2025-10-25,Lucknow_Center,7.1,0.2,20.8,Fog
2025-10-26,Lucknow_Center,29.1,0.8,18.4,Clear
2025-10-27,Lucknow_Center,9.6,0.5,7.7,Fog
2025-10-28,Lucknow_Center,7.7,8.8,4.3,Snow
2025-10-29,Lucknow_Center,34.7,0.1,11.0,Clear
2025-10-30,Lucknow_Center,5.7,8.6,5.3,Snow
2025-10-31,Lucknow_Center,27.5,6.5,21.9,Thunderstorm
2025-11-01,Lucknow_Center,22.6,7.2,17.7,Rain
2025-11-02,Lucknow_Center,17.1,0.2,11.0,Clear
2025-11-03,Lucknow_Center,20.9,3.9,2.4,Thunderstorm
2025-11-04,Lucknow_Center,16.8,0.0,1.8,Fog
2025-11-05,Lucknow_Center,13.0,1.3,4.3,Rain
2025-11-06,Lucknow_Center,25.6,0.8,19.4,Cloudy
2025-11-07,Lucknow_Center,15.7,0.5,16.5,Cloudy
2025-11-08,Lucknow_Center,26.4,3.9,18.9,Thunderstorm
2025-11-09,Lucknow_Center,20.7,0.7,17.6,Thunderstorm
2025-11-10,Lucknow_Center,34.6,0.3,7.9,Clear
2025-11-11,Lucknow_Center,4.3,6.3,17.5,Snow
2025-11-12,Lucknow_Center,6.5,0.8,18.8,Fog
2025-11-13,Lucknow_Center,18.9,4.7,23.9,Rain
2025-11-14,Lucknow_Center,29.1,4.3,11.0,Thunderstorm
2025-11-15,Lucknow_Center,22.5,0.5,13.4,Clear
2025-11-16,Lucknow_Center,28.3,0.4,6.6,Clear
2025-08-19,Kanpur_WH,20.5,0.9,18.8,Cloudy
2025-08-20,Kanpur_WH,32.7,0.7,2.0,Clear
2025-08-21,Kanpur_WH,23.8,5.4,9.7,Thunderstorm
2025-08-22,Kanpur_WH,26.3,0.1,14.8,Cloudy
2025-08-23,Kanpur_WH,17.7,6.2,1.2,Rain
2025-08-24,Kanpur_WH,13.0,2.8,19.9,Rain
2025-08-25,Kanpur_WH,22.0,0.2,13.8,Cloudy
2025-08-26,Kanpur_WH,32.8,0.5,3.9,Clear
2025-08-27,Kanpur_WH,33.1,0.1,14.2,Clear
2025-08-28,Kanpur_WH,24.0,0.9,23.9,Cloudy
2025-08-29,Kanpur_WH,22.8,9.9,18.6,Thunderstorm
2025-08-30,Kanpur_WH,16.4,0.5,24.5,Clear
2025-08-31,Kanpur_WH,20.0,0.4,18.3,Fog
2025-09-01,Kanpur_WH,9.4,4.0,2.1,Snow
2025-09-02,Kanpur_WH,22.5,2.5,13.8,Thunderstorm
2025-09-03,Kanpur_WH,34.6,0.2,3.2,Clear
2025-09-04,Kanpur_WH,16.8,0.8,2.4,Fog
2025-09-05,Kanpur_WH,17.2,0.2,24.9,Cloudy
2025-09-06,Kanpur_WH,27.0,8.3,3.9,Thunderstorm
2025-09-07,Kanpur_WH,29.0,0.9,8.5,Thunderstorm
2025-09-08,Kanpur_WH,20.4,3.2,24.6,Thunderstorm
2025-09-09,Kanpur_WH,-4.5,8.9,3.9,Snow
2025-09-10,Kanpur_WH,15.2,9.6,0.3,Rain
2025-09-11,Kanpur_WH,18.6,0.7,10.6,Fog
2025-09-12,Kanpur_WH,32.8,0.4,21.4,Clear
2025-09-13,Kanpur_WH,23.4,0.8,25.0,Cloudy
2025-09-14,Kanpur_WH,21.6,3.5,21.6,Thunderstorm
2025-09-15,Kanpur_WH,17.5,0.2,11.7,Clear
2025-09-16,Kanpur_WH,31.5,0.8,15.4,Clear
2025-09-17,Kanpur_WH,22.8,7.7,14.9,Rain
2025-09-18,Kanpur_WH,20.9,9.1,2.3,Rain
2025-09-19,Kanpur_WH,22.4,0.8,1.4,Cloudy
2025-09-20,Kanpur_WH,15.6,0.5,10.4,Cloudy
2025-09-21,Kanpur_WH,21.0,7.2,18.0,Thunderstorm
2025-09-22,Kanpur_WH,24.7,0.5,8.1,Cloudy
2025-09-23,Kanpur_WH,21.3,7.1,4.6,Rain
2025-09-24,Kanpur_WH,20.0,0.4,15.9,Clear
2025-09-25,Kanpur_WH,11.2,7.6,13.4,Rain
2025-09-26,Kanpur_WH,16.8,0.3,1.8,Clear
2025-09-27,Kanpur_WH,20.2,0.2,19.8,Cloudy
2025-09-28,Kanpur_WH,13.0,0.7,13.7,Fog
2025-09-29,Kanpur_WH,21.7,9.5,10.6,Thunderstorm
2025-09-30,Kanpur_WH,23.4,4.5,5.9,Rain
2025-10-01,Kanpur_WH,17.6,0.7,7.1,Clear
2025-10-02,Kanpur_WH,21.1,2.0,0.1,Rain
2025-10-03,Kanpur_WH,30.8,0.2,24.3,Cloudy
2025-10-04,Kanpur_WH,22.4,0.3,0.9,Clear
2025-10-05,Kanpur_WH,23.2,4.1,4.2,Rain
2025-10-06,Kanpur_WH,18.4,0.7,2.8,Fog
2025-10-07,Kanpur_WH,22.3,0.0,18.5,Cloudy
2025-10-08,Kanpur_WH,20.4,6.5,10.0,Rain
2025-10-09,Kanpur_WH,-0.8,9.8,12.8,Snow
2025-10-10,Kanpur_WH,20.6,0.4,19.1,Cloudy
2025-10-11,Kanpur_WH,26.4,1.1,4.5,Thunderstorm
2025-10-12,Kanpur_WH,19.8,0.3,3.0,Clear
2025-10-13,Kanpur_WH,19.4,0.9,1.4,Clear
2025-10-14,Kanpur_WH,28.9,5.0,11.6,Thunderstorm
2025-10-15,Kanpur_WH,11.9,2.7,21.2,Rain
2025-10-16,Kanpur_WH,29.4,0.9,3.9,Clear
2025-10-17,Kanpur_WH,27.4,0.2,0.1,Thunderstorm
2025-10-18,Kanpur_WH,23.6,5.3,1.2,Thunderstorm
2025-10-19,Kanpur_WH,12.6,0.7,6.6,Fog
2025-10-20,Kanpur_WH,9.5,0.1,6.0,Fog
2025-10-21,Kanpur_WH,-0.3,2.3,11.5,Snow
2025-10-22,Kanpur_WH,23.8,4.8,2.7,Rain
2025-10-23,Kanpur_WH,16.0,0.2,7.4,Cloudy
2025-10-24,Kanpur_WH,15.5,7.1,17.8,Rain
2025-10-25,Kanpur_WH,34.8,0.7,11.9,Cloudy
2025-10-26,Kanpur_WH,20.9,9.9,17.8,Thunderstorm
2025-10-27,Kanpur_WH,23.4,0.2,10.2,Cloudy
2025-10-28,Kanpur_WH,16.5,1.5,9.1,Rain
2025-10-29,Kanpur_WH,18.9,0.2,16.4,Cloudy
2025-10-30,Kanpur_WH,17.0,0.2,19.3,Clear
2025-10-31,Kanpur_WH,13.4,5.1,12.7,Rain
2025-11-01,Kanpur_WH,30.3,0.2,13.5,Cloudy
2025-11-02,Kanpur_WH,32.0,0.0,20.7,Cloudy
2025-11-03,Kanpur_WH,24.5,0.9,8.8,Cloudy
2025-11-04,Kanpur_WH,16.6,0.0,7.2,Cloudy
2025-11-05,Kanpur_WH,19.8,1.0,13.8,Fog
2025-11-06,Kanpur_WH,21.7,0.4,6.1,Cloudy
2025-11-07,Kanpur_WH,8.5,0.2,16.2,Fog
2025-11-08,Kanpur_WH,14.5,1.4,14.6,Rain
2025-11-09,Kanpur_WH,17.5,4.5,21.6,Rain
2025-11-10,Kanpur_WH,28.4,5.8,4.7,Thunderstorm
2025-11-11,Kanpur_WH,21.6,3.1,18.0,Rain
2025-11-12,Kanpur_WH,25.1,0.5,6.3,Cloudy
2025-11-13,Kanpur_WH,18.2,8.6,12.4,Rain
2025-11-14,Kanpur_WH,14.4,0.1,19.8,Fog
2025-11-15,Kanpur_WH,5.3,4.1,15.0,Snow
2025-11-16,Kanpur_WH,4.8,6.0,13.5,Snow
2025-08-19,Nagpur_Distribution,17.9,0.3,5.8,Cloudy
2025-08-20,Nagpur_Distribution,7.0,3.8,15.4,Snow
2025-08-21,Nagpur_Distribution,-1.4,5.8,19.2,Snow
2025-08-22,Nagpur_Distribution,23.0,0.1,5.0,Clear
2025-08-23,Nagpur_Distribution,24.8,6.9,11.0,Rain
2025-08-24,Nagpur_Distribution,15.0,0.5,23.9,Cloudy
2025-08-25,Nagpur_Distribution,26.2,0.1,23.1,Clear
2025-08-26,Nagpur_Distribution,14.8,0.4,9.7,Fog
2025-08-27,Nagpur_Distribution,5.1,4.5,4.7,Snow
2025-08-28,Nagpur_Distribution,32.2,0.8,23.1,Cloudy
2025-08-29,Nagpur_Distribution,21.1,5.1,8.2,Rain
2025-08-30,Nagpur_Distribution,1.6,3.9,9.5,Snow
2025-08-31,Nagpur_Distribution,28.7,0.6,10.9,Clear
2025-09-01,Nagpur_Distribution,2.7,9.2,19.7,Snow
2025-09-02,Nagpur_Distribution,20.7,0.5,11.6,Rain
2025-09-03,Nagpur_Distribution,22.5,0.8,8.5,Clear
2025-09-04,Nagpur_Distribution,16.2,0.4,9.8,Fog
2025-09-05,Nagpur_Distribution,18.8,0.3,10.0,Fog
2025-09-06,Nagpur_Distribution,20.7,6.2,11.5,Thunderstorm
2025-09-07,Nagpur_Distribution,20.3,5.0,22.2,Thunderstorm
2025-09-08,Nagpur_Distribution,25.0,4.1,8.1,Rain
2025-09-09,Nagpur_Distribution,32.4,0.5,6.7,Clear
2025-09-10,Nagpur_Distribution,1.9,8.1,4.6,Snow
2025-09-11,Nagpur_Distribution,1.7,1.7,3.5,Snow
2025-09-12,Nagpur_Distribution,15.3,0.5,5.2,Clear
2025-09-13,Nagpur_Distribution,27.0,0.1,16.5,Cloudy
2025-09-14,Nagpur_Distribution,3.0,0.5,7.6,Snow
2025-09-15,Nagpur_Distribution,30.5,0.2,2.2,Cloudy
2025-09-16,Nagpur_Distribution,15.0,0.3,24.5,Fog
2025-09-17,Nagpur_Distribution,5.9,0.1,1.3,Fog
2025-09-18,Nagpur_Distribution,23.5,2.7,3.2,Rain
2025-09-19,Nagpur_Distribution,17.0,0.2,1.4,Fog
2025-09-20,Nagpur_Distribution,10.4,0.3,14.7,Fog
2025-09-21,Nagpur_Distribution,17.7,0.1,17.6,Fog
2025-09-22,Nagpur_Distribution,24.2,0.8,21.8,Clear
2025-09-23,Nagpur_Distribution,16.2,0.8,9.3,Cloudy
2025-09-24,Nagpur_Distribution,18.7,0.5,0.5,Fog
2025-09-25,Nagpur_Distribution,7.0,0.3,12.9,Fog
2025-09-26,Nagpur_Distribution,12.1,0.5,4.3,Fog
2025-09-27,Nagpur_Distribution,20.8,1.9,6.7,Thunderstorm
2025-09-28,Nagpur_Distribution,8.8,9.1,20.4,Snow
2025-09-29,Nagpur_Distribution,13.0,0.9,14.8,Fog
2025-09-30,Nagpur_Distribution,-2.9,2.4,16.2,Snow
2025-10-01,Nagpur_Distribution,23.0,0.9,2.8,Clear
2025-10-02,Nagpur_Distribution,27.5,0.6,8.6,Clear
2025-10-03,Nagpur_Distribution,22.1,2.0,2.5,Thunderstorm
2025-10-04,Nagpur_Distribution,3.8,8.1,18.3,Snow
2025-10-05,Nagpur_Distribution,0.1,2.9,3.3,Snow
2025-10-06,Nagpur_Distribution,17.5,0.6,15.0,Clear
2025-10-07,Nagpur_Distribution,6.1,4.0,1.5,Snow
2025-10-08,Nagpur_Distribution,24.6,5.9,24.2,Thunderstorm
2025-10-09,Nagpur_Distribution,-2.2,4.4,1.9,Snow
2025-10-10,Nagpur_Distribution,30.4,0.6,9.3,Cloudy
2025-10-11,Nagpur_Distribution,12.3,0.9,6.8,Rain
2025-10-12,Nagpur_Distribution,14.4,0.2,10.4,Fog
2025-10-13,Nagpur_Distribution,5.3,6.1,9.6,Snow
2025-10-14,Nagpur_Distribution,32.6,0.5,2.5,Cloudy
2025-10-15,Nagpur_Distribution,21.8,7.0,5.9,Rain
2025-10-16,Nagpur_Distribution,29.9,6.4,4.4,Thunderstorm
2025-10-17,Nagpur_Distribution,7.1,0.5,14.2,Fog
2025-10-18,Nagpur_Distribution,6.2,3.0,19.7,Snow
2025-10-19,Nagpur_Distribution,14.1,0.2,21.7,Fog
2025-10-20,Nagpur_Distribution,22.6,1.2,23.5,Rain
2025-10-21,Nagpur_Distribution,10.8,0.5,14.7,Rain
2025-10-22,Nagpur_Distribution,31.2,0.1,7.2,Clear
2025-10-23,Nagpur_Distribution,34.7,0.5,3.7,Cloudy
2025-10-24,Nagpur_Distribution,8.7,7.7,6.1,Snow
2025-10-25,Nagpur_Distribution,-0.7,1.9,17.8,Snow
2025-10-26,Nagpur_Distribution,23.3,1.6,1.7,Thunderstorm
2025-10-27,Nagpur_Distribution,14.9,0.4,2.1,Fog
2025-10-28,Nagpur_Distribution,29.2,8.9,9.7,Thunderstorm
2025-10-29,Nagpur_Distribution,21.4,4.4,17.6,Rain
2025-10-30,Nagpur_Distribution,-4.2,1.6,15.1,Snow
2025-10-31,Nagpur_Distribution,1.9,9.2,6.5,Snow
2025-11-01,Nagpur_Distribution,18.0,9.5,23.7,Rain
2025-11-02,Nagpur_Distribution,12.7,0.1,2.2,Fog
2025-11-03,Nagpur_Distribution,27.3,0.5,13.8,Clear
2025-11-04,Nagpur_Distribution,19.9,0.7,22.4,Clear
2025-11-05,Nagpur_Distribution,33.0,0.2,20.7,Clear
2025-11-06,Nagpur_Distribution,20.9,0.0,5.5,Cloudy
2025-11-07,Nagpur_Distribution,17.6,0.0,13.6,Clear
2025-11-08,Nagpur_Distribution,25.5,0.2,6.8,Cloudy
2025-11-09,Nagpur_Distribution,22.7,5.3,16.0,Thunderstorm
2025-11-10,Nagpur_Distribution,0.8,7.8,23.6,Snow
2025-11-11,Nagpur_Distribution,3.2,6.0,12.1,Snow
2025-11-12,Nagpur_Distribution,18.9,0.2,7.9,Fog
2025-11-13,Nagpur_Distribution,16.8,0.7,23.8,Cloudy
2025-11-14,Nagpur_Distribution,8.4,0.2,12.6,Fog
2025-11-15,Nagpur_Distribution,11.5,3.6,18.3,Rain
2025-11-16,Nagpur_Distribution,7.6,1.5,17.7,Snow
2025-08-19,Indore_Facility,-4.0,2.5,13.2,Snow
2025-08-20,Indore_Facility,5.8,6.1,4.8,Snow
2025-08-21,Indore_Facility,27.0,9.8,12.5,Thunderstorm
2025-08-22,Indore_Facility,-2.9,6.7,12.2,Snow
2025-08-23,Indore_Facility,18.8,0.7,15.0,Fog
2025-08-24,Indore_Facility,18.2,1.2,1.5,Rain
2025-08-25,Indore_Facility,11.2,7.3,14.4,Rain
2025-08-26,Indore_Facility,27.5,0.1,1.2,Thunderstorm
2025-08-27,Indore_Facility,13.2,0.7,11.9,Fog
2025-08-28,Indore_Facility,18.8,0.0,14.6,Rain
2025-08-29,Indore_Facility,26.8,1.9,16.1,Thunderstorm
2025-08-30,Indore_Facility,7.9,1.2,17.6,Snow
2025-08-31,Indore_Facility,28.9,0.2,8.8,Cloudy
2025-09-01,Indore_Facility,12.8,0.5,5.4,Fog
2025-09-02,Indore_Facility,6.9,8.2,21.2,Snow
2025-09-03,Indore_Facility,-0.1,5.5,21.7,Snow
2025-09-04,Indore_Facility,18.0,0.1,21.0,Clear
2025-09-05,Indore_Facility,23.6,5.7,11.9,Thunderstorm
2025-09-06,Indore_Facility,17.4,0.0,18.4,Fog
2025-09-07,Indore_Facility,8.5,0.3,22.2,Fog
2025-09-08,Indore_Facility,17.4,0.6,2.4,Cloudy
2025-09-09,Indore_Facility,23.8,4.6,24.3,Rain
2025-09-10,Indore_Facility,16.9,0.9,8.5,Fog
2025-09-11,Indore_Facility,0.6,2.9,23.8,Snow
2025-09-12,Indore_Facility,27.9,0.5,23.8,Cloudy
2025-09-13,Indore_Facility,7.8,0.7,8.6,Fog
2025-09-14,Indore_Facility,7.1,0.1,14.8,Fog
2025-09-15,Indore_Facility,26.8,7.7,14.9,Thunderstorm
2025-09-16,Indore_Facility,8.0,0.8,17.2,Fog
2025-09-17,Indore_Facility,15.6,0.8,20.2,Cloudy
2025-09-18,Indore_Facility,-3.7,0.0,21.0,Snow
2025-09-19,Indore_Facility,25.9,0.9,6.1,Clear
2025-09-20,Indore_Facility,16.1,0.6,9.1,Clear
2025-09-21,Indore_Facility,30.6,0.5,13.3,Cloudy
2025-09-22,Indore_Facility,20.7,0.5,16.1,Cloudy
2025-09-23,Indore_Facility,9.9,0.2,20.2,Fog
2025-09-24,Indore_Facility,13.3,8.0,17.3,Rain
2025-09-25,Indore_Facility,27.5,0.6,5.9,Clear
2025-09-26,Indore_Facility,21.4,1.5,3.2,Thunderstorm
2025-09-27,Indore_Facility,2.8,2.4,4.6,Snow
2025-09-28,Indore_Facility,11.8,0.2,11.4,Fog
2025-09-29,Indore_Facility,20.9,1.5,13.4,Thunderstorm
2025-09-30,Indore_Facility,-3.3,5.0,17.5,Snow
2025-10-01,Indore_Facility,28.7,1.0,18.0,Cloudy
2025-10-02,Indore_Facility,1.5,2.5,14.7,Snow
2025-10-03,Indore_Facility,25.3,0.2,18.4,Clear
2025-10-04,Indore_Facility,24.4,6.2,12.6,Rain
2025-10-05,Indore_Facility,13.4,0.5,7.3,Fog
2025-10-06,Indore_Facility,10.7,9.9,20.8,Rain
2025-10-07,Indore_Facility,25.5,0.2,18.3,Clear
2025-10-08,Indore_Facility,7.9,6.4,0.2,Snow
2025-10-09,Indore_Facility,26.9,0.7,7.8,Cloudy
2025-10-10,Indore_Facility,16.2,0.8,21.4,Fog
2025-10-11,Indore_Facility,21.2,0.8,18.4,Clear
2025-10-12,Indore_Facility,13.0,0.2,1.7,Fog
2025-10-13,Indore_Facility,28.4,0.1,17.3,Clear
2025-10-14,Indore_Facility,29.9,0.1,4.7,Clear
2025-10-15,Indore_Facility,-1.2,9.0,18.7,Snow
2025-10-16,Indore_Facility,24.4,0.8,4.9,Clear
2025-10-17,Indore_Facility,21.4,7.3,12.7,Rain
2025-10-18,Indore_Facility,5.8,0.2,19.4,Fog
2025-10-19,Indore_Facility,22.0,1.6,6.1,Thunderstorm
2025-10-20,Indore_Facility,18.8,8.8,12.9,Rain
2025-10-21,Indore_Facility,7.8,7.4,24.3,Snow
2025-10-22,Indore_Facility,15.1,8.1,23.4,Rain
2025-10-23,Indore_Facility,11.8,0.9,18.6,Fog
2025-10-24,Indore_Facility,28.8,7.6,10.6,Thunderstorm
2025-10-25,Indore_Facility,1.5,4.5,0.2,Snow
2025-10-26,Indore_Facility,0.3,1.7,6.1,Snow
2025-10-27,Indore_Facility,33.3,0.9,13.4,Cloudy
2025-10-28,Indore_Facility,9.3,0.5,23.9,Fog
2025-10-29,Indore_Facility,1.4,9.9,11.3,Snow
2025-10-30,Indore_Facility,0.4,0.4,20.8,Snow
2025-10-31,Indore_Facility,13.2,7.9,20.0,Rain
2025-11-01,Indore_Facility,3.3,3.9,21.6,Snow
2025-11-02,Indore_Facility,25.1,5.7,2.2,Thunderstorm
2025-11-03,Indore_Facility,1.9,1.8,4.9,Snow
2025-11-04,Indore_Facility,31.3,0.1,15.2,Clear
2025-11-05,Indore_Facility,29.0,8.0,5.3,Thunderstorm
2025-11-06,Indore_Facility,20.4,4.7,6.4,Rain
2025-11-07,Indore_Facility,1.2,9.7,4.9,Snow
2025-11-08,Indore_Facility,16.4,0.1,1.3,Rain
2025-11-09,Indore_Facility,32.5,0.5,16.0,Cloudy
2025-11-10,Indore_Facility,32.3,0.5,18.9,Clear
2025-11-11,Indore_Facility,15.4,0.1,13.2,Clear
2025-11-12,Indore_Facility,17.0,0.1,15.6,Fog
2025-11-13,Indore_Facility,0.9,8.9,12.8,Snow
2025-11-14,Indore_Facility,24.4,0.2,0.4,Rain
2025-11-15,Indore_Facility,17.2,8.3,14.8,Rain
2025-11-16,Indore_Facility,30.9,0.7,12.3,Cloudy
2025-08-19,Bhopal_DC,23.7,3.1,24.9,Rain
2025-08-20,Bhopal_DC,14.7,3.6,21.5,Rain
2025-08-21,Bhopal_DC,-1.7,4.6,18.0,Snow
2025-08-22,Bhopal_DC,21.6,5.9,12.7,Rain
2025-08-23,Bhopal_DC,16.0,0.0,19.7,Cloudy
2025-08-24,Bhopal_DC,18.3,0.2,5.3,Fog
2025-08-25,Bhopal_DC,6.0,0.6,21.5,Fog
2025-08-26,Bhopal_DC,19.1,0.4,1.5,Cloudy
2025-08-27,Bhopal_DC,28.3,1.0,12.1,Cloudy
2025-08-28,Bhopal_DC,15.9,0.5,6.3,Fog
2025-08-29,Bhopal_DC,5.9,0.6,5.4,Fog
2025-08-30,Bhopal_DC,13.7,4.6,23.9,Rain
2025-08-31,Bhopal_DC,28.1,6.9,16.8,Thunderstorm
2025-09-01,Bhopal_DC,24.1,3.9,0.2,Thunderstorm
2025-09-02,Bhopal_DC,20.9,5.2,17.8,Rain
2025-09-03,Bhopal_DC,6.1,0.9,13.6,Fog
2025-09-04,Bhopal_DC,22.0,0.2,15.6,Clear
2025-09-05,Bhopal_DC,22.4,1.9,23.9,Thunderstorm
2025-09-06,Bhopal_DC,28.1,1.9,18.8,Thunderstorm
2025-09-07,Bhopal_DC,7.4,0.5,24.8,Snow
2025-09-08,Bhopal_DC,29.5,8.1,8.5,Thunderstorm
2025-09-09,Bhopal_DC,20.5,0.4,12.8,Clear
2025-09-10,Bhopal_DC,33.8,0.0,0.6,Clear
2025-09-11,Bhopal_DC,20.9,8.8,15.0,Rain
2025-09-12,Bhopal_DC,31.4,0.8,20.2,Clear
2025-09-13,Bhopal_DC,19.2,0.1,16.5,Clear
2025-09-14,Bhopal_DC,2.0,7.5,15.6,Snow
2025-09-15,Bhopal_DC,5.4,0.4,5.4,Fog
2025-09-16,Bhopal_DC,34.0,0.7,24.3,Clear
2025-09-17,Bhopal_DC,21.4,0.4,8.1,Clear
2025-09-18,Bhopal_DC,29.3,4.2,1.8,Thunderstorm
2025-09-19,Bhopal_DC,8.4,3.3,13.9,Snow
2025-09-20,Bhopal_DC,-4.8,9.3,5.3,Snow
2025-09-21,Bhopal_DC,30.0,1.0,5.0,Cloudy
2025-09-22,Bhopal_DC,22.9,9.5,15.6,Rain
2025-09-23,Bhopal_DC,21.0,0.6,15.2,Clear
2025-09-24,Bhopal_DC,-4.6,8.9,3.8,Snow
2025-09-25,Bhopal_DC,34.1,0.8,21.6,Clear
2025-09-26,Bhopal_DC,10.2,0.9,20.7,Fog
2025-09-27,Bhopal_DC,13.0,4.4,6.0,Rain
2025-09-28,Bhopal_DC,2.4,2.5,21.3,Snow
2025-09-29,Bhopal_DC,17.9,0.9,6.6,Clear
2025-09-30,Bhopal_DC,26.0,8.8,11.9,Thunderstorm
2025-10-01,Bhopal_DC,8.9,0.5,18.1,Fog
2025-10-02,Bhopal_DC,21.2,8.7,20.3,Rain
2025-10-03,Bhopal_DC,26.2,0.1,19.2,Cloudy
2025-10-04,Bhopal_DC,28.7,5.5,13.2,Thunderstorm
2025-10-05,Bhopal_DC,16.8,0.3,7.0,Clear
2025-10-06,Bhopal_DC,11.7,1.5,22.5,Rain
2025-10-07,Bhopal_DC,26.5,1.4,19.2,Thunderstorm
2025-10-08,Bhopal_DC,21.3,0.3,12.1,Cloudy
2025-10-09,Bhopal_DC,24.6,0.0,15.9,Cloudy
2025-10-10,Bhopal_DC,-1.3,4.3,5.7,Snow
2025-10-11,Bhopal_DC,3.0,9.1,15.1,Snow
2025-10-12,Bhopal_DC,8.9,0.4,1.4,Fog
2025-10-13,Bhopal_DC,29.3,0.6,2.0,Clear
2025-10-14,Bhopal_DC,0.1,4.4,24.1,Snow
2025-10-15,Bhopal_DC,30.9,0.7,10.4,Cloudy
2025-10-16,Bhopal_DC,26.5,0.4,24.5,Cloudy
2025-10-17,Bhopal_DC,17.3,0.3,20.3,Cloudy
2025-10-18,Bhopal_DC,16.1,7.6,17.6,Rain
2025-10-19,Bhopal_DC,24.8,0.1,23.1,Cloudy
2025-10-20,Bhopal_DC,13.5,0.3,0.1,Fog
2025-10-21,Bhopal_DC,11.1,0.6,16.1,Rain
2025-10-22,Bhopal_DC,4.1,3.2,16.0,Snow
2025-10-23,Bhopal_DC,15.6,0.4,20.8,Cloudy
2025-10-24,Bhopal_DC,20.4,0.6,23.3,Clear
2025-10-25,Bhopal_DC,5.3,0.8,22.5,Fog
2025-10-26,Bhopal_DC,32.4,0.4,23.2,Cloudy
2025-10-27,Bhopal_DC,26.0,0.5,14.7,Clear
2025-10-28,Bhopal_DC,26.7,4.3,21.2,Thunderstorm
2025-10-29,Bhopal_DC,18.5,0.2,23.9,Clear
2025-10-30,Bhopal_DC,22.7,6.8,21.4,Rain
2025-10-31,Bhopal_DC,17.5,0.8,7.5,Clear
2025-11-01,Bhopal_DC,29.4,4.9,15.3,Thunderstorm
2025-11-02,Bhopal_DC,16.1,0.8,1.1,Clear
2025-11-03,Bhopal_DC,6.5,0.9,9.6,Fog
2025-11-04,Bhopal_DC,21.8,0.0,22.6,Clear
2025-11-05,Bhopal_DC,32.3,0.1,2.1,Clear
2025-11-06,Bhopal_DC,28.1,0.2,2.5,Clear
2025-11-07,Bhopal_DC,0.2,0.4,21.3,Snow
2025-11-08,Bhopal_DC,10.1,0.9,0.9,Fog
2025-11-09,Bhopal_DC,16.0,1.0,8.8,Clear
2025-11-10,Bhopal_DC,18.5,0.7,18.4,Clear
2025-11-11,Bhopal_DC,28.3,0.8,9.1,Clear
2025-11-12,Bhopal_DC,27.5,8.9,15.4,Thunderstorm
2025-11-13,Bhopal_DC,18.2,1.5,15.8,Rain
2025-11-14,Bhopal_DC,29.1,9.4,10.6,Thunderstorm
2025-11-15,Bhopal_DC,20.7,3.3,24.1,Rain
2025-11-16,Bhopal_DC,23.9,8.4,18.4,Thunderstorm
2025-08-19,Surat_Hub,22.7,7.4,12.0,Rain
2025-08-20,Surat_Hub,9.5,0.0,2.1,Fog
2025-08-21,Surat_Hub,31.2,0.7,19.3,Cloudy
2025-08-22,Surat_Hub,-4.8,7.2,13.8,Snow
2025-08-23,Surat_Hub,25.8,0.7,7.1,Cloudy
2025-08-24,Surat_Hub,25.6,8.6,4.7,Thunderstorm
2025-08-25,Surat_Hub,4.5,6.4,24.0,Snow
2025-08-26,Surat_Hub,13.9,6.3,18.6,Rain
2025-08-27,Surat_Hub,24.2,6.4,4.5,Rain
2025-08-28,Surat_Hub,31.7,0.7,0.5,Cloudy
2025-08-29,Surat_Hub,-3.3,8.3,1.4,Snow
2025-08-30,Surat_Hub,3.8,4.3,2.6,Snow
2025-08-31,Surat_Hub,26.0,0.3,14.0,Thunderstorm
2025-09-01,Surat_Hub,1.2,9.9,20.2,Snow
2025-09-02,Surat_Hub,7.8,5.3,0.7,Snow
2025-09-03,Surat_Hub,7.8,0.7,12.7,Fog
2025-09-04,Surat_Hub,25.2,3.8,9.6,Thunderstorm
2025-09-05,Surat_Hub,11.9,0.9,24.9,Fog
2025-09-06,Surat_Hub,18.6,0.8,11.7,Fog
2025-09-07,Surat_Hub,32.7,0.4,19.7,Cloudy
2025-09-08,Surat_Hub,24.5,0.1,7.0,Thunderstorm
2025-09-09,Surat_Hub,29.0,4.7,11.7,Thunderstorm
2025-09-10,Surat_Hub,20.6,0.7,14.8,Clear
2025-09-11,Surat_Hub,22.9,3.5,9.9,Thunderstorm
2025-09-12,Surat_Hub,22.6,1.0,12.0,Rain
2025-09-13,Surat_Hub,16.5,2.8,0.7,Rain
2025-09-14,Surat_Hub,0.7,9.1,21.1,Snow
2025-09-15,Surat_Hub,0.5,9.0,4.8,Snow
2025-09-16,Surat_Hub,19.2,1.0,3.6,Rain
2025-09-17,Surat_Hub,18.7,0.2,14.9,Clear
2025-09-18,Surat_Hub,21.9,0.7,15.2,Thunderstorm
2025-09-19,Surat_Hub,6.2,8.2,23.9,Snow
2025-09-20,Surat_Hub,24.3,3.4,2.2,Thunderstorm
2025-09-21,Surat_Hub,26.1,0.1,11.9,Clear
2025-09-22,Surat_Hub,5.9,5.6,9.3,Snow
2025-09-23,Surat_Hub,2.2,9.1,20.8,Snow
2025-09-24,Surat_Hub,19.3,5.4,17.8,Rain
2025-09-25,Surat_Hub,28.9,6.9,5.8,Thunderstorm
2025-09-26,Surat_Hub,30.9,0.7,0.4,Clear
2025-09-27,Surat_Hub,9.3,1.3,20.3,Snow
2025-09-28,Surat_Hub,18.7,0.4,20.6,Cloudy
2025-09-29,Surat_Hub,5.3,0.9,3.7,Fog
2025-09-30,Surat_Hub,26.7,0.1,8.4,Cloudy
2025-10-01,Surat_Hub,24.7,0.4,21.9,Clear
2025-10-02,Surat_Hub,26.4,9.3,2.1,Thunderstorm
2025-10-03,Surat_Hub,25.6,2.2,20.7,Thunderstorm
2025-10-04,Surat_Hub,13.3,0.9,14.7,Fog
2025-10-05,Surat_Hub,15.9,0.1,2.5,Clear
2025-10-06,Surat_Hub,22.3,4.1,16.5,Thunderstorm
2025-10-07,Surat_Hub,15.9,0.4,19.7,Fog
2025-10-08,Surat_Hub,16.5,0.5,10.6,Cloudy
2025-10-09,Surat_Hub,25.2,8.7,0.7,Thunderstorm
2025-10-10,Surat_Hub,28.3,0.2,6.5,Clear
2025-10-11,Surat_Hub,25.5,8.0,12.0,Thunderstorm
2025-10-12,Surat_Hub,13.1,4.6,14.9,Rain
2025-10-13,Surat_Hub,9.3,8.0,15.7,Snow
2025-10-14,Surat_Hub,26.3,5.8,22.8,Thunderstorm
2025-10-15,Surat_Hub,17.4,0.1,18.3,Fog
2025-10-16,Surat_Hub,34.9,0.5,12.8,Clear
2025-10-17,Surat_Hub,18.2,1.0,14.3,Clear
2025-10-18,Surat_Hub,7.1,0.7,11.8,Fog
2025-10-19,Surat_Hub,13.2,2.1,13.5,Rain
2025-10-20,Surat_Hub,17.3,0.2,14.0,Fog
2025-10-21,Surat_Hub,27.5,7.8,9.4,Thunderstorm
2025-10-22,Surat_Hub,21.7,0.6,3.3,Clear
2025-10-23,Surat_Hub,10.3,0.7,22.3,Fog
2025-10-24,Surat_Hub,22.8,1.7,20.6,Thunderstorm
2025-10-25,Surat_Hub,-2.3,8.7,16.8,Snow
2025-10-26,Surat_Hub,22.5,0.2,7.1,Clear
2025-10-27,Surat_Hub,11.5,0.7,3.9,Fog
2025-10-28,Surat_Hub,26.8,0.9,22.0,Clear
2025-10-29,Surat_Hub,24.1,0.2,21.9,Thunderstorm
2025-10-30,Surat_Hub,23.8,1.0,10.3,Clear
2025-10-31,Surat_Hub,3.1,1.7,23.3,Snow
2025-11-01,Surat_Hub,10.7,0.0,23.0,Fog
2025-11-02,Surat_Hub,14.3,0.8,7.2,Fog
2025-11-03,Surat_Hub,7.0,4.3,10.1,Snow
2025-11-04,Surat_Hub,12.9,7.2,1.7,Rain
2025-11-05,Surat_Hub,17.6,7.5,23.1,Rain
2025-11-06,Surat_Hub,5.9,0.6,14.9,Fog
2025-11-07,Surat_Hub,25.7,9.1,21.3,Thunderstorm
2025-11-08,Surat_Hub,17.5,0.1,21.7,Fog
2025-11-09,Surat_Hub,13.4,9.2,10.6,Rain
2025-11-10,Surat_Hub,-4.5,5.2,17.4,Snow
2025-11-11,Surat_Hub,25.8,0.7,2.5,Cloudy
2025-11-12,Surat_Hub,8.9,6.1,3.5,Snow
2025-11-13,Surat_Hub,3.0,6.6,15.3,Snow
2025-11-14,Surat_Hub,21.7,1.9,4.4,Thunderstorm
2025-11-15,Surat_Hub,26.8,5.2,21.6,Thunderstorm
2025-11-16,Surat_Hub,16.0,0.6,19.2,Cloudy
2025-08-19,Vadodara_Center,26.3,0.6,12.6,Cloudy
2025-08-20,Vadodara_Center,-1.9,6.2,19.2,Snow
2025-08-21,Vadodara_Center,23.8,0.7,19.7,Cloudy
2025-08-22,Vadodara_Center,30.6,0.7,0.1,Cloudy
2025-08-23,Vadodara_Center,5.7,4.3,10.1,Snow
2025-08-24,Vadodara_Center,12.1,3.6,14.9,Rain
2025-08-25,Vadodara_Center,8.2,1.0,13.2,Fog
2025-08-26,Vadodara_Center,17.4,0.7,4.4,Fog
2025-08-27,Vadodara_Center,-2.4,3.9,6.4,Snow
2025-08-28,Vadodara_Center,12.5,3.1,24.2,Rain
2025-08-29,Vadodara_Center,15.0,0.8,4.6,Fog
2025-08-30,Vadodara_Center,28.2,5.6,17.6,Thunderstorm
2025-08-31,Vadodara_Center,6.4,0.3,0.1,Fog
2025-09-01,Vadodara_Center,31.2,0.9,13.2,Cloudy
2025-09-02,Vadodara_Center,20.8,7.9,8.4,Thunderstorm
2025-09-03,Vadodara_Center,31.1,0.4,23.4,Clear
2025-09-04,Vadodara_Center,13.1,0.5,9.8,Fog
2025-09-05,Vadodara_Center,18.2,0.6,18.5,Cloudy
2025-09-06,Vadodara_Center,14.3,7.3,14.8,Rain
2025-09-07,Vadodara_Center,5.0,6.2,8.2,Snow
2025-09-08,Vadodara_Center,27.2,0.9,3.8,Cloudy
2025-09-09,Vadodara_Center,27.7,5.0,17.7,Thunderstorm
2025-09-10,Vadodara_Center,24.5,5.5,10.9,Thunderstorm
2025-09-11,Vadodara_Center,24.4,0.5,6.3,Thunderstorm
2025-09-12,Vadodara_Center,-4.5,7.3,22.0,Snow
2025-09-13,Vadodara_Center,13.9,5.3,22.6,Rain
2025-09-14,Vadodara_Center,22.8,3.1,9.8,Thunderstorm
2025-09-15,Vadodara_Center,11.2,5.3,22.1,Rain
2025-09-16,Vadodara_Center,20.5,3.0,9.6,Thunderstorm
2025-09-17,Vadodara_Center,18.1,0.2,15.6,Clear
2025-09-18,Vadodara_Center,32.0,0.2,3.8,Cloudy
2025-09-19,Vadodara_Center,23.5,0.7,7.4,Cloudy
2025-09-20,Vadodara_Center,21.6,6.2,4.5,Rain
2025-09-21,Vadodara_Center,-3.5,5.4,3.7,Snow
2025-09-22,Vadodara_Center,15.8,0.9,19.6,Rain
2025-09-23,Vadodara_Center,32.6,0.7,15.9,Clear
2025-09-24,Vadodara_Center,24.3,6.0,11.7,Thunderstorm
2025-09-25,Vadodara_Center,31.9,0.1,13.4,Clear
2025-09-26,Vadodara_Center,19.8,0.2,5.6,Clear
2025-09-27,Vadodara_Center,28.2,0.6,5.5,Cloudy
2025-09-28,Vadodara_Center,22.1,0.1,16.2,Clear
2025-09-29,Vadodara_Center,13.6,0.5,10.2,Fog
2025-09-30,Vadodara_Center,21.4,9.5,22.1,Rain
2025-10-01,Vadodara_Center,29.5,0.6,4.1,Clear
2025-10-02,Vadodara_Center,17.5,0.2,16.9,Fog
2025-10-03,Vadodara_Center,19.8,0.8,5.4,Clear
2025-10-04,Vadodara_Center,11.9,2.0,14.0,Rain
2025-10-05,Vadodara_Center,27.2,8.8,4.8,Thunderstorm
2025-10-06,Vadodara_Center,29.5,7.6,6.8,Thunderstorm
2025-10-07,Vadodara_Center,1.8,7.3,8.4,Snow
2025-10-08,Vadodara_Center,24.9,0.9,10.1,Cloudy
2025-10-09,Vadodara_Center,12.7,9.6,3.1,Rain
2025-10-10,Vadodara_Center,18.1,0.3,5.2,Clear
2025-10-11,Vadodara_Center,32.7,0.4,21.5,Clear
2025-10-12,Vadodara_Center,25.0,7.0,21.2,Rain
2025-10-13,Vadodara_Center,20.0,0.7,19.1,Cloudy
2025-10-14,Vadodara_Center,25.1,0.8,12.2,Cloudy
2025-10-15,Vadodara_Center,28.8,0.8,12.4,Cloudy
2025-10-16,Vadodara_Center,9.3,0.1,5.2,Fog
2025-10-17,Vadodara_Center,28.3,0.7,7.7,Clear
2025-10-18,Vadodara_Center,9.2,9.6,10.3,Snow
2025-10-19,Vadodara_Center,18.2,7.6,19.4,Rain
2025-10-20,Vadodara_Center,2.5,9.8,4.9,Snow
2025-10-21,Vadodara_Center,6.1,0.8,17.3,Fog
2025-10-22,Vadodara_Center,31.3,0.8,6.2,Cloudy
2025-10-23,Vadodara_Center,25.3,4.1,2.6,Thunderstorm
2025-10-24,Vadodara_Center,20.0,0.7,21.4,Cloudy
2025-10-25,Vadodara_Center,5.1,0.6,19.2,Fog
2025-10-26,Vadodara_Center,10.8,0.7,1.0,Fog
2025-10-27,Vadodara_Center,28.5,0.5,11.7,Cloudy
2025-10-28,Vadodara_Center,17.0,6.8,15.4,Rain
2025-10-29,Vadodara_Center,33.5,0.7,6.3,Cloudy
2025-10-30,Vadodara_Center,22.0,0.5,22.4,Thunderstorm
2025-10-31,Vadodara_Center,22.2,0.5,23.5,Cloudy
2025-11-01,Vadodara_Center,21.0,8.2,21.6,Rain
2025-11-02,Vadodara_Center,29.1,0.1,15.8,Clear
2025-11-03,Vadodara_Center,30.1,0.6,7.7,Cloudy
2025-11-04,Vadodara_Center,24.9,2.3,22.9,Rain
2025-11-05,Vadodara_Center,29.4,3.5,6.6,Thunderstorm
2025-11-06,Vadodara_Center,14.2,9.6,15.1,Rain
2025-11-07,Vadodara_Center,27.6,0.6,2.9,Clear
2025-11-08,Vadodara_Center,32.1,0.0,14.8,Cloudy
2025-11-09,Vadodara_Center,24.4,8.7,7.8,Thunderstorm
2025-11-10,Vadodara_Center,31.9,0.2,5.9,Cloudy
2025-11-11,Vadodara_Center,16.9,0.2,18.2,Cloudy
2025-11-12,Vadodara_Center,30.4,0.8,9.3,Clear
2025-11-13,Vadodara_Center,29.6,0.5,10.3,Cloudy
2025-11-14,Vadodara_Center,10.3,0.1,12.4,Fog
2025-11-15,Vadodara_Center,29.5,7.2,10.4,Thunderstorm
2025-11-16,Vadodara_Center,22.7,0.5,18.4,Cloudy
2025-08-19,Patna_WH,7.1,2.3,14.8,Snow
2025-08-20,Patna_WH,20.4,0.8,6.1,Cloudy
2025-08-21,Patna_WH,22.0,7.1,12.2,Rain
2025-08-22,Patna_WH,21.8,6.0,16.2,Thunderstorm
2025-08-23,Patna_WH,22.5,1.9,16.2,Thunderstorm
2025-08-24,Patna_WH,2.6,8.1,14.5,Snow
2025-08-25,Patna_WH,22.1,0.1,6.4,Thunderstorm
2025-08-26,Patna_WH,27.6,0.4,18.6,Clear
2025-08-27,Patna_WH,34.0,0.2,22.7,Cloudy
2025-08-28,Patna_WH,24.1,0.6,0.8,Clear
2025-08-29,Patna_WH,8.9,9.0,11.5,Snow
2025-08-30,Patna_WH,12.3,5.9,13.8,Rain
2025-08-31,Patna_WH,19.3,0.2,14.0,Cloudy
2025-09-01,Patna_WH,28.8,6.1,6.3,Thunderstorm
2025-09-02,Patna_WH,11.2,9.3,19.3,Rain
2025-09-03,Patna_WH,9.7,5.2,24.5,Snow
2025-09-04,Patna_WH,20.6,0.5,9.5,Clear
2025-09-05,Patna_WH,24.4,0.9,20.3,Clear
2025-09-06,Patna_WH,10.8,10.0,3.3,Rain
2025-09-07,Patna_WH,16.4,0.4,21.3,Clear
2025-09-08,Patna_WH,17.8,0.5,24.1,Clear
2025-09-09,Patna_WH,13.2,0.7,1.3,Fog
2025-09-10,Patna_WH,32.5,0.8,2.3,Clear
2025-09-11,Patna_WH,19.2,0.7,13.6,Cloudy
2025-09-12,Patna_WH,21.6,0.9,16.4,Cloudy
2025-09-13,Patna_WH,15.1,0.6,20.0,Clear
2025-09-14,Patna_WH,27.0,7.6,0.4,Thunderstorm
2025-09-15,Patna_WH,15.0,0.0,23.9,Clear
2025-09-16,Patna_WH,10.9,0.6,24.4,Fog
2025-09-17,Patna_WH,7.0,0.2,9.6,Snow
2025-09-18,Patna_WH,16.6,0.2,16.4,Fog
2025-09-19,Patna_WH,22.9,1.6,18.7,Thunderstorm
2025-09-20,Patna_WH,18.6,0.1,7.1,Fog
2025-09-21,Patna_WH,12.1,0.9,13.3,Fog
2025-09-22,Patna_WH,23.0,0.8,10.0,Clear
2025-09-23,Patna_WH,29.6,0.5,17.5,Cloudy
2025-09-24,Patna_WH,14.5,0.8,14.2,Fog
2025-09-25,Patna_WH,19.4,1.0,10.4,Clear
2025-09-26,Patna_WH,15.5,0.4,15.1,Cloudy
2025-09-27,Patna_WH,25.3,4.4,12.9,Thunderstorm
2025-09-28,Patna_WH,11.4,0.9,9.6,Fog
2025-09-29,Patna_WH,22.3,1.0,9.6,Clear
2025-09-30,Patna_WH,19.3,1.0,23.1,Clear
2025-10-01,Patna_WH,20.2,7.7,13.5,Thunderstorm
2025-10-02,Patna_WH,22.7,1.2,15.3,Rain
2025-10-03,Patna_WH,20.0,0.0,17.8,Cloudy
2025-10-04,Patna_WH,13.7,1.6,16.2,Rain
2025-10-05,Patna_WH,28.5,2.9,12.9,Thunderstorm
2025-10-06,Patna_WH,20.5,5.5,17.1,Thunderstorm
2025-10-07,Patna_WH,31.1,0.8,1.6,Cloudy
2025-10-08,Patna_WH,5.3,0.3,6.8,Fog
2025-10-09,Patna_WH,10.8,6.9,1.4,Rain
2025-10-10,Patna_WH,22.4,3.3,4.4,Thunderstorm
2025-10-11,Patna_WH,-0.5,2.6,19.1,Snow
2025-10-12,Patna_WH,28.3,8.2,3.4,Thunderstorm
2025-10-13,Patna_WH,19.4,0.3,16.9,Cloudy
2025-10-14,Patna_WH,24.3,1.9,21.2,Thunderstorm
2025-10-15,Patna_WH,23.4,4.5,19.0,Rain
2025-10-16,Patna_WH,24.6,0.1,15.5,Cloudy
2025-10-17,Patna_WH,19.2,0.4,22.5,Fog
2025-10-18,Patna_WH,-2.3,1.5,20.2,Snow
2025-10-19,Patna_WH,28.2,0.2,3.0,Cloudy
2025-10-20,Patna_WH,34.8,0.4,17.0,Clear
2025-10-21,Patna_WH,16.0,2.8,9.1,Rain
2025-10-22,Patna_WH,20.4,7.0,4.9,Rain
2025-10-23,Patna_WH,27.0,2.1,17.8,Thunderstorm
2025-10-24,Patna_WH,31.3,0.6,10.8,Cloudy
2025-10-25,Patna_WH,20.5,9.3,2.3,Thunderstorm
2025-10-26,Patna_WH,20.5,0.4,17.2,Clear
2025-10-27,Patna_WH,29.8,0.5,7.8,Thunderstorm
2025-10-28,Patna_WH,15.7,0.1,1.7,Fog
2025-10-29,Patna_WH,24.7,5.1,1.6,Thunderstorm
2025-10-30,Patna_WH,16.6,0.0,13.7,Cloudy
2025-10-31,Patna_WH,33.1,0.3,2.6,Cloudy
2025-11-01,Patna_WH,28.6,0.6,19.4,Clear
2025-11-02,Patna_WH,7.3,2.1,10.2,Snow
2025-11-03,Patna_WH,34.7,0.8,0.9,Cloudy
2025-11-04,Patna_WH,23.4,0.1,7.6,Cloudy
2025-11-05,Patna_WH,29.0,0.5,7.8,Clear
2025-11-06,Patna_WH,8.4,0.1,19.1,Fog
2025-11-07,Patna_WH,31.7,0.0,0.0,Clear
2025-11-08,Patna_WH,25.4,0.5,6.7,Clear
2025-11-09,Patna_WH,25.0,5.7,17.9,Thunderstorm
2025-11-10,Patna_WH,18.4,3.9,23.8,Rain
2025-11-11,Patna_WH,10.8,4.8,5.7,Rain
2025-11-12,Patna_WH,21.6,0.5,19.3,Cloudy
2025-11-13,Patna_WH,30.3,0.6,21.9,Cloudy
2025-11-14,Patna_WH,29.4,4.0,20.3,Thunderstorm
2025-11-15,Patna_WH,13.7,1.7,0.0,Rain
2025-11-16,Patna_WH,32.8,0.8,18.9,Cloudy
2025-08-19,Ranchi_Distribution,0.9,4.9,12.4,Snow
2025-08-20,Ranchi_Distribution,23.9,1.6,2.6,Rain
2025-08-21,Ranchi_Distribution,22.9,6.6,9.4,Thunderstorm
2025-08-22,Ranchi_Distribution,19.0,0.7,19.2,Fog
2025-08-23,Ranchi_Distribution,27.1,0.5,14.7,Cloudy
2025-08-24,Ranchi_Distribution,10.4,0.1,20.5,Fog
2025-08-25,Ranchi_Distribution,31.1,0.3,21.8,Cloudy
2025-08-26,Ranchi_Distribution,11.3,0.5,19.0,Fog
2025-08-27,Ranchi_Distribution,25.3,0.3,17.6,Clear
2025-08-28,Ranchi_Distribution,23.5,7.3,15.3,Thunderstorm
2025-08-29,Ranchi_Distribution,-3.4,3.3,5.6,Snow
2025-08-30,Ranchi_Distribution,17.2,0.1,23.4,Clear
2025-08-31,Ranchi_Distribution,19.5,0.7,24.7,Fog
2025-09-01,Ranchi_Distribution,2.7,6.7,18.2,Snow
2025-09-02,Ranchi_Distribution,21.3,0.1,11.7,Cloudy
2025-09-03,Ranchi_Distribution,11.1,0.3,10.9,Fog
2025-09-04,Ranchi_Distribution,24.0,0.2,0.3,Clear
2025-09-05,Ranchi_Distribution,22.3,0.8,15.9,Clear
2025-09-06,Ranchi_Distribution,23.8,0.9,12.5,Cloudy
2025-09-07,Ranchi_Distribution,5.4,6.6,19.4,Snow
2025-09-08,Ranchi_Distribution,-4.9,3.6,17.9,Snow
2025-09-09,Ranchi_Distribution,7.1,6.4,3.9,Snow
2025-09-10,Ranchi_Distribution,16.7,0.6,24.6,Clear
2025-09-11,Ranchi_Distribution,23.0,0.4,1.2,Clear
2025-09-12,Ranchi_Distribution,7.8,0.5,6.9,Snow
2025-09-13,Ranchi_Distribution,34.8,0.0,5.9,Cloudy
2025-09-14,Ranchi_Distribution,15.3,0.6,18.6,Fog
2025-09-15,Ranchi_Distribution,24.2,0.5,9.5,Thunderstorm
2025-09-16,Ranchi_Distribution,9.8,0.9,21.8,Fog
2025-09-17,Ranchi_Distribution,13.5,0.6,3.9,Fog
2025-09-18,Ranchi_Distribution,18.4,0.4,18.2,Clear
2025-09-19,Ranchi_Distribution,24.5,0.9,8.7,Clear
2025-09-20,Ranchi_Distribution,16.0,0.5,5.8,Cloudy
2025-09-21,Ranchi_Distribution,11.5,4.2,18.8,Rain
2025-09-22,Ranchi_Distribution,10.3,4.7,6.8,Rain
2025-09-23,Ranchi_Distribution,25.8,0.0,12.9,Clear
2025-09-24,Ranchi_Distribution,21.8,0.1,21.2,Cloudy
2025-09-25,Ranchi_Distribution,16.9,0.5,8.3,Clear
2025-09-26,Ranchi_Distribution,18.6,0.7,24.6,Fog
2025-09-27,Ranchi_Distribution,5.3,4.0,7.9,Snow
2025-09-28,Ranchi_Distribution,17.0,0.1,4.7,Fog
2025-09-29,Ranchi_Distribution,10.7,6.2,5.2,Rain
2025-09-30,Ranchi_Distribution,29.5,0.6,17.9,Cloudy
2025-10-01,Ranchi_Distribution,23.4,0.4,23.0,Clear
2025-10-02,Ranchi_Distribution,7.9,8.4,13.3,Snow
2025-10-03,Ranchi_Distribution,17.5,0.5,19.7,Fog
2025-10-04,Ranchi_Distribution,8.3,7.8,16.6,Snow
2025-10-05,Ranchi_Distribution,26.4,6.7,19.2,Thunderstorm
2025-10-06,Ranchi_Distribution,6.6,0.5,19.8,Fog
2025-10-07,Ranchi_Distribution,26.5,0.6,16.4,Cloudy
2025-10-08,Ranchi_Distribution,31.3,0.6,17.4,Clear
2025-10-09,Ranchi_Distribution,16.7,0.4,24.9,Clear
2025-10-10,Ranchi_Distribution,29.0,2.4,5.0,Thunderstorm
2025-10-11,Ranchi_Distribution,29.4,8.6,11.0,Thunderstorm
2025-10-12,Ranchi_Distribution,14.2,0.5,23.7,Fog
2025-10-13,Ranchi_Distribution,23.9,8.6,14.0,Thunderstorm
2025-10-14,Ranchi_Distribution,25.7,0.2,16.7,Cloudy
2025-10-15,Ranchi_Distribution,4.8,1.8,21.5,Snow
2025-10-16,Ranchi_Distribution,34.9,0.7,16.9,Clear
2025-10-17,Ranchi_Distribution,15.5,9.0,10.9,Rain
2025-10-18,Ranchi_Distribution,17.0,1.3,18.3,Rain
2025-10-19,Ranchi_Distribution,0.6,6.5,19.9,Snow
2025-10-20,Ranchi_Distribution,3.4,6.2,16.8,Snow
2025-10-21,Ranchi_Distribution,-4.5,4.9,10.4,Snow
2025-10-22,Ranchi_Distribution,5.5,9.1,21.9,Snow
2025-10-23,Ranchi_Distribution,26.1,0.6,0.5,Clear
2025-10-24,Ranchi_Distribution,22.4,0.3,9.4,Cloudy
2025-10-25,Ranchi_Distribution,21.2,0.3,19.0,Cloudy
2025-10-26,Ranchi_Distribution,23.9,0.2,16.7,Cloudy
2025-10-27,Ranchi_Distribution,10.1,0.2,10.7,Fog
2025-10-28,Ranchi_Distribution,25.0,0.9,22.5,Cloudy
2025-10-29,Ranchi_Distribution,32.3,0.7,9.2,Clear
2025-10-30,Ranchi_Distribution,5.1,0.8,2.0,Fog
2025-10-31,Ranchi_Distribution,24.2,0.5,14.6,Cloudy
2025-11-01,Ranchi_Distribution,25.2,0.3,4.5,Clear
2025-11-02,Ranchi_Distribution,20.3,0.7,8.9,Thunderstorm
2025-11-03,Ranchi_Distribution,24.7,2.1,7.2,Thunderstorm
2025-11-04,Ranchi_Distribution,21.2,8.3,15.6,Thunderstorm
2025-11-05,Ranchi_Distribution,26.1,0.4,9.6,Clear
2025-11-06,Ranchi_Distribution,-3.2,7.6,23.2,Snow
2025-11-07,Ranchi_Distribution,7.5,0.6,18.6,Fog
2025-11-08,Ranchi_Distribution,22.8,0.5,8.7,Clear
2025-11-09,Ranchi_Distribution,16.5,0.6,18.6,Rain
2025-11-10,Ranchi_Distribution,10.7,8.7,6.1,Rain
2025-11-11,Ranchi_Distribution,34.6,0.9,12.3,Clear
2025-11-12,Ranchi_Distribution,2.1,6.5,20.8,Snow
2025-11-13,Ranchi_Distribution,18.9,5.7,5.5,Rain
2025-11-14,Ranchi_Distribution,24.5,6.0,8.5,Thunderstorm
2025-11-15,Ranchi_Distribution,24.9,2.0,13.2,Thunderstorm
2025-11-16,Ranchi_Distribution,24.2,8.1,1.0,Thunderstorm
2025-08-19,Chandigarh_Facility,22.4,4.1,16.7,Rain
2025-08-20,Chandigarh_Facility,9.8,0.2,1.3,Fog
2025-08-21,Chandigarh_Facility,14.8,9.8,9.2,Rain
2025-08-22,Chandigarh_Facility,9.3,0.9,20.4,Fog
2025-08-23,Chandigarh_Facility,31.9,0.2,13.9,Cloudy
2025-08-24,Chandigarh_Facility,23.4,1.1,23.0,Rain
2025-08-25,Chandigarh_Facility,16.0,2.7,3.3,Rain
2025-08-26,Chandigarh_Facility,23.9,9.3,2.6,Thunderstorm
2025-08-27,Chandigarh_Facility,18.3,0.4,9.5,Fog
2025-08-28,Chandigarh_Facility,23.2,0.6,24.1,Clear
2025-08-29,Chandigarh_Facility,33.3,0.9,12.7,Cloudy
2025-08-30,Chandigarh_Facility,26.2,0.0,8.7,Clear
2025-08-31,Chandigarh_Facility,7.3,6.8,19.7,Snow
2025-09-01,Chandigarh_Facility,11.7,0.4,23.3,Fog
2025-09-02,Chandigarh_Facility,25.5,8.9,15.1,Thunderstorm
2025-09-03,Chandigarh_Facility,17.6,0.6,11.1,Fog
2025-09-04,Chandigarh_Facility,28.5,9.3,5.3,Thunderstorm
2025-09-05,Chandigarh_Facility,23.8,7.9,0.6,Rain
2025-09-06,Chandigarh_Facility,6.0,0.8,14.2,Fog
2025-09-07,Chandigarh_Facility,17.5,1.4,12.5,Rain
2025-09-08,Chandigarh_Facility,8.7,0.8,19.8,Fog
2025-09-09,Chandigarh_Facility,28.8,0.5,20.6,Clear
2025-09-10,Chandigarh_Facility,24.9,3.7,20.3,Thunderstorm
2025-09-11,Chandigarh_Facility,2.7,1.7,24.2,Snow
2025-09-12,Chandigarh_Facility,8.0,0.9,17.8,Fog
2025-09-13,Chandigarh_Facility,32.4,0.6,14.5,Clear
2025-09-14,Chandigarh_Facility,18.8,0.5,18.7,Cloudy
2025-09-15,Chandigarh_Facility,22.5,0.5,14.1,Cloudy
2025-09-16,Chandigarh_Facility,26.5,4.2,6.4,Thunderstorm
2025-09-17,Chandigarh_Facility,25.3,0.5,4.0,Clear
2025-09-18,Chandigarh_Facility,22.6,0.3,11.1,Clear
2025-09-19,Chandigarh_Facility,5.9,8.2,8.4,Snow
2025-09-20,Chandigarh_Facility,16.3,0.4,24.0,Clear
2025-09-21,Chandigarh_Facility,18.5,1.3,3.9,Rain
2025-09-22,Chandigarh_Facility,15.4,0.4,2.9,Fog
2025-09-23,Chandigarh_Facility,15.6,1.0,1.8,Fog
2025-09-24,Chandigarh_Facility,2.6,8.3,23.7,Snow
2025-09-25,Chandigarh_Facility,2.0,0.0,3.6,Snow
2025-09-26,Chandigarh_Facility,28.9,9.3,23.9,Thunderstorm
2025-09-27,Chandigarh_Facility,18.6,0.8,21.0,Fog
2025-09-28,Chandigarh_Facility,21.2,4.3,11.6,Rain
2025-09-29,Chandigarh_Facility,4.7,4.2,1.3,Snow
2025-09-30,Chandigarh_Facility,24.9,0.7,14.7,Cloudy
2025-10-01,Chandigarh_Facility,15.1,5.2,13.2,Rain
2025-10-02,Chandigarh_Facility,19.0,0.4,16.2,Fog
2025-10-03,Chandigarh_Facility,21.2,8.7,8.2,Thunderstorm
2025-10-04,Chandigarh_Facility,29.8,5.6,9.5,Thunderstorm
2025-10-05,Chandigarh_Facility,23.5,0.4,16.1,Thunderstorm
2025-10-06,Chandigarh_Facility,11.7,0.8,10.8,Fog
2025-10-07,Chandigarh_Facility,20.5,5.7,1.9,Thunderstorm
2025-10-08,Chandigarh_Facility,3.3,2.5,7.3,Snow
2025-10-09,Chandigarh_Facility,13.1,0.7,7.6,Fog
2025-10-10,Chandigarh_Facility,34.4,0.6,21.6,Cloudy
2025-10-11,Chandigarh_Facility,16.6,0.7,14.9,Clear
2025-10-12,Chandigarh_Facility,13.3,1.1,11.6,Rain
2025-10-13,Chandigarh_Facility,26.1,0.7,17.5,Clear
2025-10-14,Chandigarh_Facility,22.9,9.7,16.4,Thunderstorm
2025-10-15,Chandigarh_Facility,4.3,6.1,0.9,Snow
2025-10-16,Chandigarh_Facility,18.4,5.4,8.7,Rain
2025-10-17,Chandigarh_Facility,26.4,0.3,24.4,Clear
2025-10-18,Chandigarh_Facility,16.1,0.9,9.0,Rain
2025-10-19,Chandigarh_Facility,-3.0,1.5,7.4,Snow
2025-10-20,Chandigarh_Facility,9.9,7.8,24.7,Snow
2025-10-21,Chandigarh_Facility,28.0,7.7,22.6,Thunderstorm
2025-10-22,Chandigarh_Facility,11.7,8.7,0.8,Rain
2025-10-23,Chandigarh_Facility,15.2,3.6,12.6,Rain
2025-10-24,Chandigarh_Facility,17.0,0.8,15.9,Clear
2025-10-25,Chandigarh_Facility,6.1,4.0,17.9,Snow
2025-10-26,Chandigarh_Facility,22.6,8.4,20.6,Rain
2025-10-27,Chandigarh_Facility,20.3,0.9,24.2,Thunderstorm
2025-10-28,Chandigarh_Facility,7.5,6.9,20.4,Snow
2025-10-29,Chandigarh_Facility,19.9,0.5,15.3,Cloudy
2025-10-30,Chandigarh_Facility,23.8,0.9,24.1,Cloudy
2025-10-31,Chandigarh_Facility,-0.7,4.2,8.8,Snow
2025-11-01,Chandigarh_Facility,7.8,7.7,15.2,Snow
2025-11-02,Chandigarh_Facility,18.8,8.8,15.7,Rain
2025-11-03,Chandigarh_Facility,27.9,7.7,9.2,Thunderstorm
2025-11-04,Chandigarh_Facility,28.8,0.9,9.6,Cloudy
2025-11-05,Chandigarh_Facility,19.5,4.0,12.5,Rain
2025-11-06,Chandigarh_Facility,25.2,2.1,20.4,Thunderstorm
2025-11-07,Chandigarh_Facility,33.8,0.7,10.5,Cloudy
2025-11-08,Chandigarh_Facility,11.9,7.4,22.5,Rain
2025-11-09,Chandigarh_Facility,31.6,0.6,11.0,Clear
2025-11-10,Chandigarh_Facility,17.3,0.9,22.3,Clear
2025-11-11,Chandigarh_Facility,9.9,9.7,23.8,Snow
2025-11-12,Chandigarh_Facility,5.1,1.0,4.0,Fog
2025-11-13,Chandigarh_Facility,27.0,0.6,17.4,Cloudy
2025-11-14,Chandigarh_Facility,16.5,0.1,15.1,Cloudy
2025-11-15,Chandigarh_Facility,25.2,0.3,9.0,Cloudy
2025-11-16,Chandigarh_Facility,20.3,9.1,22.5,Rain
2025-08-19,Amritsar_DC,29.6,2.5,22.9,Thunderstorm
2025-08-20,Amritsar_DC,16.6,0.1,12.8,Clear
2025-08-21,Amritsar_DC,2.2,3.4,19.2,Snow
2025-08-22,Amritsar_DC,23.3,0.9,22.9,Rain
2025-08-23,Amritsar_DC,8.7,0.3,11.0,Snow
2025-08-24,Amritsar_DC,27.8,0.3,4.9,Clear
2025-08-25,Amritsar_DC,-3.7,3.3,7.9,Snow
2025-08-26,Amritsar_DC,34.8,0.8,24.9,Clear
2025-08-27,Amritsar_DC,24.9,7.6,6.5,Rain
2025-08-28,Amritsar_DC,25.8,0.3,21.8,Clear
2025-08-29,Amritsar_DC,33.4,0.3,9.4,Cloudy
2025-08-30,Amritsar_DC,14.0,0.7,23.6,Fog
2025-08-31,Amritsar_DC,28.3,0.8,22.5,Clear
2025-09-01,Amritsar_DC,20.5,5.7,19.6,Thunderstorm
2025-09-02,Amritsar_DC,9.1,8.6,0.1,Snow
2025-09-03,Amritsar_DC,6.0,0.7,15.5,Fog
2025-09-04,Amritsar_DC,19.5,0.7,7.5,Fog
2025-09-05,Amritsar_DC,18.2,0.5,7.4,Fog
2025-09-06,Amritsar_DC,23.3,0.9,6.6,Cloudy
2025-09-07,Amritsar_DC,8.2,7.4,12.6,Snow
2025-09-08,Amritsar_DC,9.4,0.8,22.5,Fog
2025-09-09,Amritsar_DC,-3.6,7.3,16.1,Snow
2025-09-10,Amritsar_DC,15.6,0.6,21.9,Cloudy
2025-09-11,Amritsar_DC,34.2,0.6,7.2,Cloudy
2025-09-12,Amritsar_DC,29.3,6.3,1.1,Thunderstorm
2025-09-13,Amritsar_DC,18.3,0.1,0.5,Fog
2025-09-14,Amritsar_DC,2.5,3.7,17.8,Snow
2025-09-15,Amritsar_DC,29.6,0.2,15.8,Clear
2025-09-16,Amritsar_DC,-2.1,4.3,10.1,Snow
2025-09-17,Amritsar_DC,17.7,9.7,23.3,Rain
2025-09-18,Amritsar_DC,29.4,0.0,9.9,Cloudy
2025-09-19,Amritsar_DC,23.3,0.1,0.2,Thunderstorm
2025-09-20,Amritsar_DC,2.6,4.0,10.5,Snow
2025-09-21,Amritsar_DC,12.8,0.3,20.9,Fog
2025-09-22,Amritsar_DC,16.6,0.8,20.9,Fog
2025-09-23,Amritsar_DC,3.3,2.1,6.3,Snow
2025-09-24,Amritsar_DC,20.0,7.3,10.0,Rain
2025-09-25,Amritsar_DC,0.6,9.3,13.2,Snow
2025-09-26,Amritsar_DC,12.9,0.3,9.0,Fog
2025-09-27,Amritsar_DC,6.1,9.7,3.8,Snow
2025-09-28,Amritsar_DC,14.5,1.0,12.5,Fog
2025-09-29,Amritsar_DC,5.6,4.4,18.6,Snow
2025-09-30,Amritsar_DC,25.5,0.8,13.9,Cloudy
2025-10-01,Amritsar_DC,24.3,0.1,17.3,Cloudy
2025-10-02,Amritsar_DC,-2.6,4.0,8.1,Snow
2025-10-03,Amritsar_DC,22.5,1.4,16.9,Rain
2025-10-04,Amritsar_DC,31.4,0.3,24.0,Clear
2025-10-05,Amritsar_DC,26.4,7.9,8.8,Thunderstorm
2025-10-06,Amritsar_DC,16.2,4.0,12.9,Rain
2025-10-07,Amritsar_DC,5.4,0.4,6.5,Fog
2025-10-08,Amritsar_DC,16.0,0.6,1.5,Clear
2025-10-09,Amritsar_DC,6.2,0.7,11.2,Fog
2025-10-10,Amritsar_DC,5.1,4.2,9.8,Snow
2025-10-11,Amritsar_DC,10.9,0.4,20.9,Fog
2025-10-12,Amritsar_DC,24.0,0.0,24.3,Thunderstorm
2025-10-13,Amritsar_DC,11.8,7.2,12.9,Rain
2025-10-14,Amritsar_DC,26.5,1.0,22.6,Clear
2025-10-15,Amritsar_DC,16.9,0.1,14.6,Clear
2025-10-16,Amritsar_DC,20.3,0.1,13.2,Cloudy
2025-10-17,Amritsar_DC,25.1,3.2,17.2,Thunderstorm
2025-10-18,Amritsar_DC,4.6,3.5,2.1,Snow
2025-10-19,Amritsar_DC,12.1,3.5,18.5,Rain
2025-10-20,Amritsar_DC,6.6,0.1,8.7,Fog
2025-10-21,Amritsar_DC,22.9,0.1,6.0,Clear
2025-10-22,Amritsar_DC,10.4,8.5,23.8,Rain
2025-10-23,Amritsar_DC,18.9,0.7,8.2,Cloudy
2025-10-24,Amritsar_DC,28.9,8.9,2.7,Thunderstorm
2025-10-25,Amritsar_DC,19.5,0.9,16.8,Rain
2025-10-26,Amritsar_DC,22.9,7.8,16.7,Thunderstorm
2025-10-27,Amritsar_DC,12.9,0.4,4.7,Fog
2025-10-28,Amritsar_DC,7.8,1.0,14.0,Fog
2025-10-29,Amritsar_DC,21.8,6.0,4.8,Thunderstorm
2025-10-30,Amritsar_DC,15.3,0.3,15.1,Fog
2025-10-31,Amritsar_DC,6.3,8.5,2.1,Snow
2025-11-01,Amritsar_DC,33.8,0.9,18.4,Cloudy
2025-11-02,Amritsar_DC,10.9,7.2,17.6,Rain
2025-11-03,Amritsar_DC,5.1,0.2,20.3,Fog
2025-11-04,Amritsar_DC,22.0,7.7,18.7,Thunderstorm
2025-11-05,Amritsar_DC,20.8,0.2,19.4,Clear
2025-11-06,Amritsar_DC,28.3,0.2,2.4,Clear
2025-11-07,Amritsar_DC,20.2,1.5,18.8,Thunderstorm
2025-11-08,Amritsar_DC,2.3,7.4,8.7,Snow
2025-11-09,Amritsar_DC,16.3,0.5,3.1,Fog
2025-11-10,Amritsar_DC,32.7,0.3,5.6,Clear
2025-11-11,Amritsar_DC,16.8,0.3,0.1,Clear
2025-11-12,Amritsar_DC,17.9,7.1,8.1,Rain
2025-11-13,Amritsar_DC,25.5,0.2,12.3,Cloudy
2025-11-14,Amritsar_DC,14.0,0.8,8.1,Fog
2025-11-15,Amritsar_DC,21.7,0.2,6.2,Clear
2025-11-16,Amritsar_DC,-1.5,4.5,6.2,Snow
